node_id,date,gap_start,gap_end,gap_duration,gap_minutes,gap_hours
ElSauce1,2026-02-26,2026-02-26 05:45:46,2026-02-26 05:56:15,00:10:29,10.48,0.17
ElSauce1,2026-02-26,2026-02-26 06:01:14,2026-02-26 06:02:18,00:01:04,1.07,0.02
ElSauce1,2026-02-26,2026-02-26 06:05:13,2026-02-26 06:18:03,00:12:50,12.83,0.21
ElSauce1,2026-02-26,2026-02-26 06:20:44,2026-02-26 06:24:13,00:03:29,3.48,0.06
ElSauce1,2026-02-26,2026-02-26 06:32:08,2026-02-26 06:32:50,00:00:42,0.7,0.01
ElSauce1,2026-02-26,2026-02-26 06:38:29,2026-02-26 06:46:03,00:07:34,7.57,0.13
ElSauce1,2026-02-26,2026-02-26 06:48:42,2026-02-26 06:56:44,00:08:02,8.03,0.13
ElSauce1,2026-02-26,2026-02-26 07:01:42,2026-02-26 07:03:39,00:01:57,1.95,0.03
ElSauce1,2026-02-26,2026-02-26 07:06:09,2026-02-26 07:08:47,00:02:38,2.63,0.04
ElSauce1,2026-02-26,2026-02-26 07:10:19,2026-02-26 07:10:44,00:00:25,0.42,0.01
ElSauce1,2026-02-26,2026-02-26 07:13:10,2026-02-26 08:41:47,01:28:37,88.62,1.48
ElSauce1,2026-02-26,2026-02-26 08:44:13,2026-02-26 08:45:43,00:01:30,1.5,0.03
ElSauce1,2026-02-26,2026-02-26 08:47:41,2026-02-26 08:51:21,00:03:40,3.67,0.06
ElSauce1,2026-02-26,2026-02-26 08:54:03,2026-02-26 08:57:25,00:03:22,3.37,0.06
ElSauce1,2026-02-26,2026-02-26 09:00:02,2026-02-26 09:31:51,00:31:49,31.82,0.53
ElSauce1,2026-02-26,2026-02-26 09:34:31,2026-02-26 10:32:51,00:58:20,58.33,0.97
ElSauce1,2026-02-26,2026-02-26 10:35:02,2026-02-26 10:37:43,00:02:41,2.68,0.04
ElSauce1,2026-02-26,2026-02-26 10:40:48,2026-02-26 11:12:30,00:31:42,31.7,0.53
ElSauce1,2026-02-26,2026-02-26 11:15:45,2026-02-26 11:16:07,00:00:22,0.37,0.01
ElSauce1,2026-02-26,2026-02-26 11:18:45,2026-02-26 11:35:57,00:17:12,17.2,0.29
ElSauce1,2026-02-26,2026-02-26 11:38:07,2026-02-26 12:03:15,00:25:08,25.13,0.42
ElSauce1,2026-02-26,2026-02-26 12:05:26,2026-02-26 12:07:49,00:02:23,2.38,0.04
ElSauce1,2026-02-26,2026-02-26 12:09:02,2026-02-26 12:15:58,00:06:56,6.93,0.12
ElSauce1,2026-02-26,2026-02-26 12:18:33,2026-02-26 13:01:19,00:42:46,42.77,0.71
ElSauce1,2026-02-26,2026-02-26 13:03:45,2026-02-26 13:08:04,00:04:19,4.32,0.07
ElSauce1,2026-02-26,2026-02-26 13:10:26,2026-02-26 13:16:09,00:05:43,5.72,0.1
ElSauce1,2026-02-26,2026-02-26 13:18:19,2026-02-26 13:37:50,00:19:31,19.52,0.33
ElSauce1,2026-02-26,2026-02-26 13:42:08,2026-02-26 13:50:10,00:08:02,8.03,0.13
ElSauce1,2026-02-26,2026-02-26 13:52:37,2026-02-26 14:04:45,00:12:08,12.13,0.2
ElSauce1,2026-02-26,2026-02-26 14:07:32,2026-02-26 14:15:35,00:08:03,8.05,0.13
ElSauce1,2026-02-26,2026-02-26 14:19:42,2026-02-26 14:24:17,00:04:35,4.58,0.08
ElSauce1,2026-02-26,2026-02-26 14:30:42,2026-02-26 14:42:37,00:11:55,11.92,0.2
ElSauce1,2026-02-26,2026-02-26 14:45:05,2026-02-26 14:46:04,00:00:59,0.98,0.02
ElSauce1,2026-02-26,2026-02-26 14:48:14,2026-02-26 14:56:45,00:08:31,8.52,0.14
ElSauce1,2026-02-26,2026-02-26 14:59:28,2026-02-26 14:59:55,00:00:27,0.45,0.01
ElSauce1,2026-02-27,2026-02-27 05:46:45,2026-02-27 05:58:05,00:11:20,11.33,0.19
ElSauce1,2026-02-27,2026-02-27 06:01:03,2026-02-27 06:04:37,00:03:34,3.57,0.06
ElSauce1,2026-02-27,2026-02-27 06:06:29,2026-02-27 06:16:53,00:10:24,10.4,0.17
ElSauce1,2026-02-27,2026-02-27 06:19:38,2026-02-27 06:24:42,00:05:04,5.07,0.08
ElSauce1,2026-02-27,2026-02-27 06:26:48,2026-02-27 06:33:46,00:06:58,6.97,0.12
ElSauce1,2026-02-27,2026-02-27 06:37:02,2026-02-27 06:44:53,00:07:51,7.85,0.13
ElSauce1,2026-02-27,2026-02-27 06:47:31,2026-02-27 07:02:29,00:14:58,14.97,0.25
ElSauce1,2026-02-27,2026-02-27 07:04:56,2026-02-27 07:06:42,00:01:46,1.77,0.03
ElSauce1,2026-02-27,2026-02-27 07:09:08,2026-02-27 07:15:06,00:05:58,5.97,0.1
ElSauce1,2026-02-27,2026-02-27 07:17:16,2026-02-27 08:29:12,01:11:56,71.93,1.2
ElSauce1,2026-02-27,2026-02-27 08:31:22,2026-02-27 08:50:11,00:18:49,18.82,0.31
ElSauce1,2026-02-27,2026-02-27 08:52:21,2026-02-27 08:54:15,00:01:54,1.9,0.03
ElSauce1,2026-02-27,2026-02-27 08:56:52,2026-02-27 09:27:41,00:30:49,30.82,0.51
ElSauce1,2026-02-27,2026-02-27 09:30:21,2026-02-27 10:31:41,01:01:20,61.33,1.02
ElSauce1,2026-02-27,2026-02-27 10:34:05,2026-02-27 10:37:47,00:03:42,3.7,0.06
ElSauce1,2026-02-27,2026-02-27 10:40:52,2026-02-27 11:04:25,00:23:33,23.55,0.39
ElSauce1,2026-02-27,2026-02-27 11:07:04,2026-02-27 11:20:29,00:13:25,13.42,0.22
ElSauce1,2026-02-27,2026-02-27 11:22:39,2026-02-27 12:02:05,00:39:26,39.43,0.66
ElSauce1,2026-02-27,2026-02-27 12:04:38,2026-02-27 12:07:36,00:02:58,2.97,0.05
ElSauce1,2026-02-27,2026-02-27 12:09:47,2026-02-27 12:12:41,00:02:54,2.9,0.05
ElSauce1,2026-02-27,2026-02-27 12:15:16,2026-02-27 12:19:51,00:04:35,4.58,0.08
ElSauce1,2026-02-27,2026-02-27 12:22:32,2026-02-27 12:33:50,00:11:18,11.3,0.19
ElSauce1,2026-02-27,2026-02-27 12:38:04,2026-02-27 12:59:39,00:21:35,21.58,0.36
ElSauce1,2026-02-27,2026-02-27 13:02:05,2026-02-27 13:03:55,00:01:50,1.83,0.03
ElSauce1,2026-02-27,2026-02-27 13:06:17,2026-02-27 13:38:32,00:32:15,32.25,0.54
ElSauce1,2026-02-27,2026-02-27 13:44:03,2026-02-27 13:46:03,00:02:00,2.0,0.03
ElSauce1,2026-02-27,2026-02-27 13:48:30,2026-02-27 13:55:34,00:07:04,7.07,0.12
ElSauce1,2026-02-27,2026-02-27 13:58:19,2026-02-27 14:19:44,00:21:25,21.42,0.36
ElSauce1,2026-02-27,2026-02-27 14:22:54,2026-02-27 14:24:20,00:01:26,1.43,0.02
ElSauce1,2026-02-27,2026-02-27 14:33:19,2026-02-27 14:33:45,00:00:26,0.43,0.01
ElSauce1,2026-02-27,2026-02-27 14:36:46,2026-02-27 14:38:10,00:01:24,1.4,0.02
ElSauce1,2026-02-27,2026-02-27 14:40:51,2026-02-27 14:42:48,00:01:57,1.95,0.03
ElSauce1,2026-02-27,2026-02-27 14:45:56,2026-02-27 14:51:58,00:06:02,6.03,0.1
ElSauce1,2026-02-27,2026-02-27 14:54:45,2026-02-27 15:05:38,00:10:53,10.88,0.18
ElSauce1,2026-02-28,2026-02-28 05:18:44,2026-02-28 05:25:18,00:06:34,6.57,0.11
ElSauce1,2026-02-28,2026-02-28 05:29:25,2026-02-28 05:35:49,00:06:24,6.4,0.11
ElSauce1,2026-02-28,2026-02-28 05:39:13,2026-02-28 05:46:12,00:06:59,6.98,0.12
ElSauce1,2026-02-28,2026-02-28 05:47:55,2026-02-28 05:53:56,00:06:01,6.02,0.1
ElSauce1,2026-02-28,2026-02-28 05:58:12,2026-02-28 06:04:36,00:06:24,6.4,0.11
ElSauce1,2026-02-28,2026-02-28 06:10:07,2026-02-28 06:14:57,00:04:50,4.83,0.08
ElSauce1,2026-02-28,2026-02-28 06:17:38,2026-02-28 06:26:22,00:08:44,8.73,0.15
ElSauce1,2026-02-28,2026-02-28 06:32:10,2026-02-28 06:32:33,00:00:23,0.38,0.01
ElSauce1,2026-02-28,2026-02-28 06:34:37,2026-02-28 06:36:26,00:01:49,1.82,0.03
ElSauce1,2026-02-28,2026-02-28 06:43:49,2026-02-28 06:53:03,00:09:14,9.23,0.15
ElSauce1,2026-02-28,2026-02-28 06:56:17,2026-02-28 07:02:39,00:06:22,6.37,0.11
ElSauce1,2026-02-28,2026-02-28 07:05:05,2026-02-28 07:17:33,00:12:28,12.47,0.21
ElSauce1,2026-02-28,2026-02-28 07:20:09,2026-02-28 07:26:27,00:06:18,6.3,0.1
ElSauce1,2026-02-28,2026-02-28 07:29:59,2026-02-28 07:59:17,00:29:18,29.3,0.49
ElSauce1,2026-02-28,2026-02-28 08:03:21,2026-02-28 08:05:26,00:02:05,2.08,0.03
ElSauce1,2026-02-28,2026-02-28 08:08:04,2026-02-28 08:09:21,00:01:17,1.28,0.02
ElSauce1,2026-02-28,2026-02-28 08:12:00,2026-02-28 08:20:15,00:08:15,8.25,0.14
ElSauce1,2026-02-28,2026-02-28 08:22:25,2026-02-28 08:49:52,00:27:27,27.45,0.46
ElSauce1,2026-02-28,2026-02-28 08:52:21,2026-02-28 08:53:02,00:00:41,0.68,0.01
ElSauce1,2026-02-28,2026-02-28 08:55:12,2026-02-28 09:23:31,00:28:19,28.32,0.47
ElSauce1,2026-02-28,2026-02-28 09:26:11,2026-02-28 10:01:45,00:35:34,35.57,0.59
ElSauce1,2026-02-28,2026-02-28 10:04:08,2026-02-28 10:37:50,00:33:42,33.7,0.56
ElSauce1,2026-02-28,2026-02-28 10:40:55,2026-02-28 11:55:48,01:14:53,74.88,1.25
ElSauce1,2026-02-28,2026-02-28 11:57:58,2026-02-28 12:02:15,00:04:17,4.28,0.07
ElSauce1,2026-02-28,2026-02-28 12:04:22,2026-02-28 12:09:19,00:04:57,4.95,0.08
ElSauce1,2026-02-28,2026-02-28 12:11:54,2026-02-28 12:27:23,00:15:29,15.48,0.26
ElSauce1,2026-02-28,2026-02-28 12:30:02,2026-02-28 12:36:15,00:06:13,6.22,0.1
ElSauce1,2026-02-28,2026-02-28 12:39:14,2026-02-28 12:55:22,00:16:08,16.13,0.27
ElSauce1,2026-02-28,2026-02-28 12:57:32,2026-02-28 12:59:47,00:02:15,2.25,0.04
ElSauce1,2026-02-28,2026-02-28 13:02:09,2026-02-28 13:13:07,00:10:58,10.97,0.18
ElSauce1,2026-02-28,2026-02-28 13:15:33,2026-02-28 13:35:27,00:19:54,19.9,0.33
ElSauce1,2026-02-28,2026-02-28 13:37:11,2026-02-28 13:41:57,00:04:46,4.77,0.08
ElSauce1,2026-02-28,2026-02-28 13:44:24,2026-02-28 13:48:11,00:03:47,3.78,0.06
ElSauce1,2026-02-28,2026-02-28 13:54:02,2026-02-28 14:17:28,00:23:26,23.43,0.39
ElSauce1,2026-02-28,2026-02-28 14:20:14,2026-02-28 14:48:21,00:28:07,28.12,0.47
ElSauce1,2026-02-28,2026-02-28 14:51:04,2026-02-28 14:55:24,00:04:20,4.33,0.07
ElSauce1,2026-02-28,2026-02-28 14:57:35,2026-02-28 15:06:47,00:09:12,9.2,0.15
ElSauce1,2026-02-28,2026-02-28 15:09:14,2026-02-28 15:12:11,00:02:57,2.95,0.05
ElSauce1,2026-02-28,2026-02-28 15:14:46,2026-02-28 15:20:03,00:05:17,5.28,0.09
ElSauce1,2026-02-28,2026-02-28 15:22:27,2026-02-28 15:31:43,00:09:16,9.27,0.15
ElSauce1,2026-03-01,2026-03-01 05:20:14,2026-03-01 05:27:01,00:06:47,6.78,0.11
ElSauce1,2026-03-01,2026-03-01 05:30:13,2026-03-01 05:33:29,00:03:16,3.27,0.05
ElSauce1,2026-03-01,2026-03-01 05:37:35,2026-03-01 05:45:49,00:08:14,8.23,0.14
ElSauce1,2026-03-01,2026-03-01 05:48:18,2026-03-01 06:07:15,00:18:57,18.95,0.32
ElSauce1,2026-03-01,2026-03-01 06:12:02,2026-03-01 06:13:49,00:01:47,1.78,0.03
ElSauce1,2026-03-01,2026-03-01 06:16:31,2026-03-01 06:22:25,00:05:54,5.9,0.1
ElSauce1,2026-03-01,2026-03-01 06:24:18,2026-03-01 06:31:25,00:07:07,7.12,0.12
ElSauce1,2026-03-01,2026-03-01 06:33:56,2026-03-01 06:42:34,00:08:38,8.63,0.14
ElSauce1,2026-03-01,2026-03-01 06:49:37,2026-03-01 06:50:04,00:00:27,0.45,0.01
ElSauce1,2026-03-01,2026-03-01 06:52:43,2026-03-01 06:58:37,00:05:54,5.9,0.1
ElSauce1,2026-03-01,2026-03-01 07:01:03,2026-03-01 07:03:24,00:02:21,2.35,0.04
ElSauce1,2026-03-01,2026-03-01 07:07:31,2026-03-01 07:16:25,00:08:54,8.9,0.15
ElSauce1,2026-03-01,2026-03-01 07:19:01,2026-03-01 08:05:21,00:46:20,46.33,0.77
ElSauce1,2026-03-01,2026-03-01 08:08:00,2026-03-01 08:19:07,00:11:07,11.12,0.19
ElSauce1,2026-03-01,2026-03-01 08:21:17,2026-03-01 08:31:39,00:10:22,10.37,0.17
ElSauce1,2026-03-01,2026-03-01 08:33:37,2026-03-01 08:47:43,00:14:06,14.1,0.23
ElSauce1,2026-03-01,2026-03-01 08:50:20,2026-03-01 09:19:22,00:29:02,29.03,0.48
ElSauce1,2026-03-01,2026-03-01 09:22:02,2026-03-01 09:24:45,00:02:43,2.72,0.05
ElSauce1,2026-03-01,2026-03-01 09:28:00,2026-03-01 10:00:37,00:32:37,32.62,0.54
ElSauce1,2026-03-01,2026-03-01 10:03:01,2026-03-01 10:59:16,00:56:15,56.25,0.94
ElSauce1,2026-03-01,2026-03-01 11:01:26,2026-03-01 11:58:36,00:57:10,57.17,0.95
ElSauce1,2026-03-01,2026-03-01 12:00:46,2026-03-01 12:05:49,00:05:03,5.05,0.08
ElSauce1,2026-03-01,2026-03-01 12:08:24,2026-03-01 12:32:33,00:24:09,24.15,0.4
ElSauce1,2026-03-01,2026-03-01 12:35:25,2026-03-01 12:52:13,00:16:48,16.8,0.28
ElSauce1,2026-03-01,2026-03-01 12:54:43,2026-03-01 12:55:38,00:00:55,0.92,0.02
ElSauce1,2026-03-01,2026-03-01 12:58:00,2026-03-01 13:05:40,00:07:40,7.67,0.13
ElSauce1,2026-03-01,2026-03-01 13:11:33,2026-03-01 13:18:56,00:07:23,7.38,0.12
ElSauce1,2026-03-01,2026-03-01 13:25:27,2026-03-01 13:35:08,00:09:41,9.68,0.16
ElSauce1,2026-03-01,2026-03-01 13:37:30,2026-03-01 13:43:26,00:05:56,5.93,0.1
ElSauce1,2026-03-01,2026-03-01 13:45:53,2026-03-01 13:53:27,00:07:34,7.57,0.13
ElSauce1,2026-03-01,2026-03-01 13:59:49,2026-03-01 14:07:20,00:07:31,7.52,0.13
ElSauce1,2026-03-01,2026-03-01 14:15:26,2026-03-01 14:31:38,00:16:12,16.2,0.27
ElSauce1,2026-03-01,2026-03-01 14:34:13,2026-03-01 14:44:10,00:09:57,9.95,0.17
ElSauce1,2026-03-01,2026-03-01 14:46:53,2026-03-01 14:49:54,00:03:01,3.02,0.05
ElSauce1,2026-03-01,2026-03-01 14:53:40,2026-03-01 14:56:12,00:02:32,2.53,0.04
ElSauce1,2026-03-01,2026-03-01 14:58:23,2026-03-01 14:59:53,00:01:30,1.5,0.03
ElSauce1,2026-03-01,2026-03-01 15:02:03,2026-03-01 15:15:57,00:13:54,13.9,0.23
ElSauce1,2026-03-01,2026-03-01 15:18:21,2026-03-01 15:33:19,00:14:58,14.97,0.25
ElSauce1,2026-03-01,2026-03-01 15:36:24,2026-03-01 15:37:20,00:00:56,0.93,0.02
ElSauce1,2026-03-02,2026-03-02 05:16:15,2026-03-02 05:31:05,00:14:50,14.83,0.25
ElSauce1,2026-03-02,2026-03-02 05:32:58,2026-03-02 05:44:40,00:11:42,11.7,0.19
ElSauce1,2026-03-02,2026-03-02 05:47:19,2026-03-02 05:54:58,00:07:39,7.65,0.13
ElSauce1,2026-03-02,2026-03-02 05:57:21,2026-03-02 06:14:34,00:17:13,17.22,0.29
ElSauce1,2026-03-02,2026-03-02 06:15:36,2026-03-02 06:30:16,00:14:40,14.67,0.24
ElSauce1,2026-03-02,2026-03-02 06:32:45,2026-03-02 06:34:48,00:02:03,2.05,0.03
ElSauce1,2026-03-02,2026-03-02 06:37:44,2026-03-02 06:42:15,00:04:31,4.52,0.08
ElSauce1,2026-03-02,2026-03-02 06:43:57,2026-03-02 06:44:56,00:00:59,0.98,0.02
ElSauce1,2026-03-02,2026-03-02 06:49:33,2026-03-02 06:54:35,00:05:02,5.03,0.08
ElSauce1,2026-03-02,2026-03-02 06:57:01,2026-03-02 06:57:58,00:00:57,0.95,0.02
ElSauce1,2026-03-02,2026-03-02 07:00:39,2026-03-02 07:05:34,00:04:55,4.92,0.08
ElSauce1,2026-03-02,2026-03-02 07:09:20,2026-03-02 07:15:16,00:05:56,5.93,0.1
ElSauce1,2026-03-02,2026-03-02 07:17:52,2026-03-02 08:01:21,00:43:29,43.48,0.72
ElSauce1,2026-03-02,2026-03-02 08:04:00,2026-03-02 08:13:14,00:09:14,9.23,0.15
ElSauce1,2026-03-02,2026-03-02 08:15:38,2026-03-02 08:17:58,00:02:20,2.33,0.04
ElSauce1,2026-03-02,2026-03-02 08:20:40,2026-03-02 08:44:51,00:24:11,24.18,0.4
ElSauce1,2026-03-02,2026-03-02 08:47:28,2026-03-02 09:15:12,00:27:44,27.73,0.46
ElSauce1,2026-03-02,2026-03-02 09:17:52,2026-03-02 09:24:44,00:06:52,6.87,0.11
ElSauce1,2026-03-02,2026-03-02 09:27:59,2026-03-02 09:59:28,00:31:29,31.48,0.52
ElSauce1,2026-03-02,2026-03-02 10:01:39,2026-03-02 10:28:48,00:27:09,27.15,0.45
ElSauce1,2026-03-02,2026-03-02 10:31:58,2026-03-02 10:44:28,00:12:30,12.5,0.21
ElSauce1,2026-03-02,2026-03-02 10:46:38,2026-03-02 11:22:07,00:35:29,35.48,0.59
ElSauce1,2026-03-02,2026-03-02 11:24:17,2026-03-02 12:22:36,00:58:19,58.32,0.97
ElSauce1,2026-03-02,2026-03-02 12:25:12,2026-03-02 12:33:13,00:08:01,8.02,0.13
ElSauce1,2026-03-02,2026-03-02 12:35:23,2026-03-02 12:51:30,00:16:07,16.12,0.27
ElSauce1,2026-03-02,2026-03-02 12:53:52,2026-03-02 13:33:42,00:39:50,39.83,0.66
ElSauce1,2026-03-02,2026-03-02 13:36:09,2026-03-02 13:48:57,00:12:48,12.8,0.21
ElSauce1,2026-03-02,2026-03-02 13:51:33,2026-03-02 14:07:27,00:15:54,15.9,0.27
ElSauce1,2026-03-02,2026-03-02 14:09:30,2026-03-02 14:29:35,00:20:05,20.08,0.33
ElSauce1,2026-03-02,2026-03-02 14:32:09,2026-03-02 14:36:05,00:03:56,3.93,0.07
ElSauce1,2026-03-02,2026-03-02 14:38:29,2026-03-02 14:39:59,00:01:30,1.5,0.03
ElSauce1,2026-03-02,2026-03-02 14:42:42,2026-03-02 14:46:51,00:04:09,4.15,0.07
ElSauce1,2026-03-02,2026-03-02 14:49:27,2026-03-02 14:58:45,00:09:18,9.3,0.15
ElSauce1,2026-03-02,2026-03-02 15:01:30,2026-03-02 15:07:10,00:05:40,5.67,0.09
ElSauce1,2026-03-02,2026-03-02 15:09:37,2026-03-02 15:11:52,00:02:15,2.25,0.04
ElSauce1,2026-03-02,2026-03-02 15:14:16,2026-03-02 15:25:17,00:11:01,11.02,0.18
ElSauce1,2026-03-02,2026-03-02 15:28:13,2026-03-02 15:29:57,00:01:44,1.73,0.03
ElSauce1,2026-03-02,2026-03-02 15:32:42,2026-03-02 15:34:17,00:01:35,1.58,0.03
ElSauce1,2026-03-03,2026-03-03 05:21:47,2026-03-03 05:27:44,00:05:57,5.95,0.1
ElSauce1,2026-03-03,2026-03-03 05:30:48,2026-03-03 05:36:21,00:05:33,5.55,0.09
ElSauce1,2026-03-03,2026-03-03 05:38:04,2026-03-03 05:43:31,00:05:27,5.45,0.09
ElSauce1,2026-03-03,2026-03-03 05:46:10,2026-03-03 06:00:03,00:13:53,13.88,0.23
ElSauce1,2026-03-03,2026-03-03 06:07:28,2026-03-03 06:09:32,00:02:04,2.07,0.03
ElSauce1,2026-03-03,2026-03-03 06:12:47,2026-03-03 06:21:52,00:09:05,9.08,0.15
ElSauce1,2026-03-03,2026-03-03 06:23:35,2026-03-03 06:29:07,00:05:32,5.53,0.09
ElSauce1,2026-03-03,2026-03-03 06:31:35,2026-03-03 06:50:33,00:18:58,18.97,0.32
ElSauce1,2026-03-03,2026-03-03 06:52:59,2026-03-03 06:56:49,00:03:50,3.83,0.06
ElSauce1,2026-03-03,2026-03-03 06:59:26,2026-03-03 07:15:51,00:16:25,16.42,0.27
ElSauce1,2026-03-03,2026-03-03 07:18:31,2026-03-03 07:42:30,00:23:59,23.98,0.4
ElSauce1,2026-03-03,2026-03-03 07:45:19,2026-03-03 07:57:20,00:12:01,12.02,0.2
ElSauce1,2026-03-03,2026-03-03 07:59:59,2026-03-03 08:16:49,00:16:50,16.83,0.28
ElSauce1,2026-03-03,2026-03-03 08:19:31,2026-03-03 08:34:27,00:14:56,14.93,0.25
ElSauce1,2026-03-03,2026-03-03 08:37:52,2026-03-03 09:07:28,00:29:36,29.6,0.49
ElSauce1,2026-03-03,2026-03-03 09:10:07,2026-03-03 09:11:03,00:00:56,0.93,0.02
ElSauce1,2026-03-03,2026-03-03 09:13:43,2026-03-03 09:24:44,00:11:01,11.02,0.18
ElSauce1,2026-03-03,2026-03-03 09:27:59,2026-03-03 09:58:19,00:30:20,30.33,0.51
ElSauce1,2026-03-03,2026-03-03 10:00:30,2026-03-03 10:07:26,00:06:56,6.93,0.12
ElSauce1,2026-03-03,2026-03-03 10:09:50,2026-03-03 10:43:19,00:33:29,33.48,0.56
ElSauce1,2026-03-03,2026-03-03 10:45:30,2026-03-03 11:28:43,00:43:13,43.22,0.72
ElSauce1,2026-03-03,2026-03-03 11:30:53,2026-03-03 12:15:31,00:44:38,44.63,0.74
ElSauce1,2026-03-03,2026-03-03 12:18:44,2026-03-03 12:19:32,00:00:48,0.8,0.01
ElSauce1,2026-03-03,2026-03-03 12:21:42,2026-03-03 12:31:36,00:09:54,9.9,0.17
ElSauce1,2026-03-03,2026-03-03 12:33:53,2026-03-03 12:37:56,00:04:03,4.05,0.07
ElSauce1,2026-03-03,2026-03-03 12:40:34,2026-03-03 12:47:22,00:06:48,6.8,0.11
ElSauce1,2026-03-03,2026-03-03 12:49:44,2026-03-03 13:03:16,00:13:32,13.53,0.23
ElSauce1,2026-03-03,2026-03-03 13:05:53,2026-03-03 13:29:35,00:23:42,23.7,0.39
ElSauce1,2026-03-03,2026-03-03 13:32:02,2026-03-03 14:09:13,00:37:11,37.18,0.62
ElSauce1,2026-03-03,2026-03-03 14:10:56,2026-03-03 14:17:47,00:06:51,6.85,0.11
ElSauce1,2026-03-03,2026-03-03 14:22:25,2026-03-03 14:35:50,00:13:25,13.42,0.22
ElSauce1,2026-03-03,2026-03-03 14:38:33,2026-03-03 15:07:46,00:29:13,29.22,0.49
ElSauce1,2026-03-03,2026-03-03 15:10:10,2026-03-03 15:17:48,00:07:38,7.63,0.13
ElSauce1,2026-03-03,2026-03-03 15:19:58,2026-03-03 15:22:40,00:02:42,2.7,0.05
ElSauce1,2026-03-03,2026-03-03 15:25:45,2026-03-03 15:32:54,00:07:09,7.15,0.12
ElSauce1,2026-03-04,2026-03-04 05:09:22,2026-03-04 05:13:41,00:04:19,4.32,0.07
ElSauce1,2026-03-04,2026-03-04 05:17:46,2026-03-04 05:42:21,00:24:35,24.58,0.41
ElSauce1,2026-03-04,2026-03-04 05:45:07,2026-03-04 06:01:45,00:16:38,16.63,0.28
ElSauce1,2026-03-04,2026-03-04 06:05:09,2026-03-04 06:10:21,00:05:12,5.2,0.09
ElSauce1,2026-03-04,2026-03-04 06:13:04,2026-03-04 06:27:57,00:14:53,14.88,0.25
ElSauce1,2026-03-04,2026-03-04 06:30:02,2026-03-04 06:46:32,00:16:30,16.5,0.28
ElSauce1,2026-03-04,2026-03-04 06:48:58,2026-03-04 06:55:39,00:06:41,6.68,0.11
ElSauce1,2026-03-04,2026-03-04 06:58:16,2026-03-04 07:53:20,00:55:04,55.07,0.92
ElSauce1,2026-03-04,2026-03-04 07:55:59,2026-03-04 08:17:43,00:21:44,21.73,0.36
ElSauce1,2026-03-04,2026-03-04 08:19:51,2026-03-04 09:06:53,00:47:02,47.03,0.78
ElSauce1,2026-03-04,2026-03-04 09:09:33,2026-03-04 09:23:40,00:14:07,14.12,0.24
ElSauce1,2026-03-04,2026-03-04 09:26:02,2026-03-04 09:57:09,00:31:07,31.12,0.52
ElSauce1,2026-03-04,2026-03-04 09:59:20,2026-03-04 10:37:59,00:38:39,38.65,0.64
ElSauce1,2026-03-04,2026-03-04 10:41:05,2026-03-04 10:42:09,00:01:04,1.07,0.02
ElSauce1,2026-03-04,2026-03-04 10:44:53,2026-03-04 11:00:15,00:15:22,15.37,0.26
ElSauce1,2026-03-04,2026-03-04 11:02:25,2026-03-04 11:27:33,00:25:08,25.13,0.42
ElSauce1,2026-03-04,2026-03-04 11:29:44,2026-03-04 11:43:45,00:14:01,14.02,0.23
ElSauce1,2026-03-04,2026-03-04 11:45:11,2026-03-04 12:15:13,00:30:02,30.03,0.5
ElSauce1,2026-03-04,2026-03-04 12:17:40,2026-03-04 12:43:14,00:25:34,25.57,0.43
ElSauce1,2026-03-04,2026-03-04 12:45:36,2026-03-04 12:47:18,00:01:42,1.7,0.03
ElSauce1,2026-03-04,2026-03-04 12:49:57,2026-03-04 13:00:44,00:10:47,10.78,0.18
ElSauce1,2026-03-04,2026-03-04 13:02:54,2026-03-04 13:25:28,00:22:34,22.57,0.38
ElSauce1,2026-03-04,2026-03-04 13:27:55,2026-03-04 13:39:33,00:11:38,11.63,0.19
ElSauce1,2026-03-04,2026-03-04 13:48:40,2026-03-04 14:01:33,00:12:53,12.88,0.21
ElSauce1,2026-03-04,2026-03-04 14:04:08,2026-03-04 14:10:33,00:06:25,6.42,0.11
ElSauce1,2026-03-04,2026-03-04 14:12:43,2026-03-04 14:31:41,00:18:58,18.97,0.32
ElSauce1,2026-03-04,2026-03-04 14:34:24,2026-03-04 14:42:41,00:08:17,8.28,0.14
ElSauce1,2026-03-04,2026-03-04 14:45:26,2026-03-04 15:03:41,00:18:15,18.25,0.3
ElSauce1,2026-03-04,2026-03-04 15:06:05,2026-03-04 15:30:32,00:24:27,24.45,0.41
ElSauce1,2026-03-04,2026-03-04 15:32:59,2026-03-04 15:37:56,00:04:57,4.95,0.08
ElSauce2,2026-02-26,2026-02-26 05:49:19,2026-02-26 05:49:51,00:00:32,0.53,0.01
ElSauce2,2026-02-26,2026-02-26 05:53:07,2026-02-26 05:53:33,00:00:26,0.43,0.01
ElSauce2,2026-02-26,2026-02-26 05:58:54,2026-02-26 06:00:10,00:01:16,1.27,0.02
ElSauce2,2026-02-26,2026-02-26 06:05:27,2026-02-26 06:05:58,00:00:31,0.52,0.01
ElSauce2,2026-02-26,2026-02-26 06:09:11,2026-02-26 06:09:40,00:00:29,0.48,0.01
ElSauce2,2026-02-26,2026-02-26 06:14:56,2026-02-26 06:15:22,00:00:26,0.43,0.01
ElSauce2,2026-02-26,2026-02-26 06:18:38,2026-02-26 06:18:52,00:00:14,0.23,0.0
ElSauce2,2026-02-26,2026-02-26 06:23:56,2026-02-26 06:24:16,00:00:20,0.33,0.01
ElSauce2,2026-02-26,2026-02-26 06:27:53,2026-02-26 06:28:10,00:00:17,0.28,0.0
ElSauce2,2026-02-26,2026-02-26 06:33:45,2026-02-26 06:34:10,00:00:25,0.42,0.01
ElSauce2,2026-02-26,2026-02-26 06:37:00,2026-02-26 06:37:16,00:00:16,0.27,0.0
ElSauce2,2026-02-26,2026-02-26 06:42:48,2026-02-26 06:43:10,00:00:22,0.37,0.01
ElSauce2,2026-02-26,2026-02-26 06:46:43,2026-02-26 06:49:07,00:02:24,2.4,0.04
ElSauce2,2026-02-26,2026-02-26 06:52:28,2026-02-26 06:52:58,00:00:30,0.5,0.01
ElSauce2,2026-02-26,2026-02-26 06:56:11,2026-02-26 06:57:02,00:00:51,0.85,0.01
ElSauce2,2026-02-26,2026-02-26 06:59:55,2026-02-26 07:00:10,00:00:15,0.25,0.0
ElSauce2,2026-02-26,2026-02-26 07:05:37,2026-02-26 07:05:58,00:00:21,0.35,0.01
ElSauce2,2026-02-26,2026-02-26 07:09:14,2026-02-26 07:09:40,00:00:26,0.43,0.01
ElSauce2,2026-02-26,2026-02-26 07:14:53,2026-02-26 07:15:22,00:00:29,0.48,0.01
ElSauce2,2026-02-26,2026-02-26 07:18:25,2026-02-26 07:18:52,00:00:27,0.45,0.01
ElSauce2,2026-02-26,2026-02-26 07:23:57,2026-02-26 07:24:16,00:00:19,0.32,0.01
ElSauce2,2026-02-26,2026-02-26 07:27:49,2026-02-26 07:28:10,00:00:21,0.35,0.01
ElSauce2,2026-02-26,2026-02-26 07:33:44,2026-02-26 07:34:10,00:00:26,0.43,0.01
ElSauce2,2026-02-26,2026-02-26 07:36:57,2026-02-26 07:40:34,00:03:37,3.62,0.06
ElSauce2,2026-02-26,2026-02-26 07:43:23,2026-02-26 07:48:54,00:05:31,5.52,0.09
ElSauce2,2026-02-26,2026-02-26 07:52:24,2026-02-26 07:52:58,00:00:34,0.57,0.01
ElSauce2,2026-02-26,2026-02-26 07:56:11,2026-02-26 08:00:10,00:03:59,3.98,0.07
ElSauce2,2026-02-26,2026-02-26 08:05:27,2026-02-26 08:05:58,00:00:31,0.52,0.01
ElSauce2,2026-02-26,2026-02-26 08:09:18,2026-02-26 08:09:40,00:00:22,0.37,0.01
ElSauce2,2026-02-26,2026-02-26 08:15:09,2026-02-26 08:15:22,00:00:13,0.22,0.0
ElSauce2,2026-02-26,2026-02-26 08:18:35,2026-02-26 08:18:52,00:00:17,0.28,0.0
ElSauce2,2026-02-26,2026-02-26 08:23:57,2026-02-26 08:27:43,00:03:46,3.77,0.06
ElSauce2,2026-02-26,2026-02-26 08:30:41,2026-02-26 08:34:10,00:03:29,3.48,0.06
ElSauce2,2026-02-26,2026-02-26 08:36:57,2026-02-26 08:39:46,00:02:49,2.82,0.05
ElSauce2,2026-02-26,2026-02-26 08:43:15,2026-02-26 08:46:31,00:03:16,3.27,0.05
ElSauce2,2026-02-26,2026-02-26 08:49:16,2026-02-26 08:49:45,00:00:29,0.48,0.01
ElSauce2,2026-02-26,2026-02-26 08:52:37,2026-02-26 08:52:58,00:00:21,0.35,0.01
ElSauce2,2026-02-26,2026-02-26 08:56:05,2026-02-26 08:56:36,00:00:31,0.52,0.01
ElSauce2,2026-02-26,2026-02-26 08:59:47,2026-02-26 09:00:10,00:00:23,0.38,0.01
ElSauce2,2026-02-26,2026-02-26 09:05:27,2026-02-26 09:05:58,00:00:31,0.52,0.01
ElSauce2,2026-02-26,2026-02-26 09:09:20,2026-02-26 09:09:40,00:00:20,0.33,0.01
ElSauce2,2026-02-26,2026-02-26 09:14:43,2026-02-26 09:15:22,00:00:39,0.65,0.01
ElSauce2,2026-02-26,2026-02-26 09:18:35,2026-02-26 09:18:52,00:00:17,0.28,0.0
ElSauce2,2026-02-26,2026-02-26 09:23:53,2026-02-26 09:24:16,00:00:23,0.38,0.01
ElSauce2,2026-02-26,2026-02-26 09:27:50,2026-02-26 09:28:10,00:00:20,0.33,0.01
ElSauce2,2026-02-26,2026-02-26 09:33:44,2026-02-26 09:34:10,00:00:26,0.43,0.01
ElSauce2,2026-02-26,2026-02-26 09:36:57,2026-02-26 09:39:53,00:02:56,2.93,0.05
ElSauce2,2026-02-26,2026-02-26 09:42:58,2026-02-26 09:44:05,00:01:07,1.12,0.02
ElSauce2,2026-02-26,2026-02-26 09:47:26,2026-02-26 09:52:58,00:05:32,5.53,0.09
ElSauce2,2026-02-26,2026-02-26 09:55:55,2026-02-26 10:00:10,00:04:15,4.25,0.07
ElSauce2,2026-02-26,2026-02-26 10:05:39,2026-02-26 10:05:58,00:00:19,0.32,0.01
ElSauce2,2026-02-26,2026-02-26 10:09:22,2026-02-26 10:09:40,00:00:18,0.3,0.01
ElSauce2,2026-02-26,2026-02-26 10:14:43,2026-02-26 10:15:22,00:00:39,0.65,0.01
ElSauce2,2026-02-26,2026-02-26 10:18:33,2026-02-26 10:23:06,00:04:33,4.55,0.08
ElSauce2,2026-02-26,2026-02-26 10:26:34,2026-02-26 10:28:10,00:01:36,1.6,0.03
ElSauce2,2026-02-26,2026-02-26 10:33:41,2026-02-26 10:34:10,00:00:29,0.48,0.01
ElSauce2,2026-02-26,2026-02-26 10:36:58,2026-02-26 10:41:59,00:05:01,5.02,0.08
ElSauce2,2026-02-26,2026-02-26 10:45:07,2026-02-26 10:45:39,00:00:32,0.53,0.01
ElSauce2,2026-02-26,2026-02-26 10:48:42,2026-02-26 10:51:18,00:02:36,2.6,0.04
ElSauce2,2026-02-26,2026-02-26 10:54:07,2026-02-26 10:54:33,00:00:26,0.43,0.01
ElSauce2,2026-02-26,2026-02-26 10:58:04,2026-02-26 11:00:10,00:02:06,2.1,0.04
ElSauce2,2026-02-26,2026-02-26 11:05:39,2026-02-26 11:05:58,00:00:19,0.32,0.01
ElSauce2,2026-02-26,2026-02-26 11:09:27,2026-02-26 11:09:40,00:00:13,0.22,0.0
ElSauce2,2026-02-26,2026-02-26 11:15:08,2026-02-26 11:15:22,00:00:14,0.23,0.0
ElSauce2,2026-02-26,2026-02-26 11:18:37,2026-02-26 11:18:52,00:00:15,0.25,0.0
ElSauce2,2026-02-26,2026-02-26 11:23:52,2026-02-26 11:24:16,00:00:24,0.4,0.01
ElSauce2,2026-02-26,2026-02-26 11:27:53,2026-02-26 11:28:10,00:00:17,0.28,0.0
ElSauce2,2026-02-26,2026-02-26 11:33:44,2026-02-26 11:34:10,00:00:26,0.43,0.01
ElSauce2,2026-02-26,2026-02-26 11:36:58,2026-02-26 11:37:16,00:00:18,0.3,0.01
ElSauce2,2026-02-26,2026-02-26 11:42:45,2026-02-26 11:43:10,00:00:25,0.42,0.01
ElSauce2,2026-02-26,2026-02-26 11:46:24,2026-02-26 11:48:55,00:02:31,2.52,0.04
ElSauce2,2026-02-26,2026-02-26 11:51:45,2026-02-26 11:52:58,00:01:13,1.22,0.02
ElSauce2,2026-02-26,2026-02-26 11:56:12,2026-02-26 12:00:10,00:03:58,3.97,0.07
ElSauce2,2026-02-26,2026-02-26 12:05:30,2026-02-26 12:05:58,00:00:28,0.47,0.01
ElSauce2,2026-02-26,2026-02-26 12:09:12,2026-02-26 12:09:40,00:00:28,0.47,0.01
ElSauce2,2026-02-26,2026-02-26 12:14:44,2026-02-26 12:15:22,00:00:38,0.63,0.01
ElSauce2,2026-02-26,2026-02-26 12:18:36,2026-02-26 12:18:52,00:00:16,0.27,0.0
ElSauce2,2026-02-26,2026-02-26 12:23:58,2026-02-26 12:24:16,00:00:18,0.3,0.01
ElSauce2,2026-02-26,2026-02-26 12:27:30,2026-02-26 12:29:21,00:01:51,1.85,0.03
ElSauce2,2026-02-26,2026-02-26 12:32:35,2026-02-26 12:34:10,00:01:35,1.58,0.03
ElSauce2,2026-02-26,2026-02-26 12:37:00,2026-02-26 12:37:16,00:00:16,0.27,0.0
ElSauce2,2026-02-26,2026-02-26 12:42:58,2026-02-26 12:43:10,00:00:12,0.2,0.0
ElSauce2,2026-02-26,2026-02-26 12:46:51,2026-02-26 12:48:09,00:01:18,1.3,0.02
ElSauce2,2026-02-26,2026-02-26 12:50:46,2026-02-26 12:52:58,00:02:12,2.2,0.04
ElSauce2,2026-02-26,2026-02-26 12:56:06,2026-02-26 13:00:10,00:04:04,4.07,0.07
ElSauce2,2026-02-26,2026-02-26 13:05:36,2026-02-26 13:05:58,00:00:22,0.37,0.01
ElSauce2,2026-02-26,2026-02-26 13:09:22,2026-02-26 13:09:40,00:00:18,0.3,0.01
ElSauce2,2026-02-26,2026-02-26 13:14:43,2026-02-26 13:15:22,00:00:39,0.65,0.01
ElSauce2,2026-02-26,2026-02-26 13:18:36,2026-02-26 13:18:52,00:00:16,0.27,0.0
ElSauce2,2026-02-26,2026-02-26 13:24:01,2026-02-26 13:25:55,00:01:54,1.9,0.03
ElSauce2,2026-02-26,2026-02-26 13:29:10,2026-02-26 13:34:10,00:05:00,5.0,0.08
ElSauce2,2026-02-26,2026-02-26 13:36:57,2026-02-26 13:37:35,00:00:38,0.63,0.01
ElSauce2,2026-02-26,2026-02-26 13:40:48,2026-02-26 13:44:43,00:03:55,3.92,0.07
ElSauce2,2026-02-26,2026-02-26 13:47:22,2026-02-26 13:49:02,00:01:40,1.67,0.03
ElSauce2,2026-02-26,2026-02-26 13:52:16,2026-02-26 13:52:58,00:00:42,0.7,0.01
ElSauce2,2026-02-26,2026-02-26 13:56:13,2026-02-26 14:00:10,00:03:57,3.95,0.07
ElSauce2,2026-02-26,2026-02-26 14:05:35,2026-02-26 14:05:58,00:00:23,0.38,0.01
ElSauce2,2026-02-26,2026-02-26 14:09:18,2026-02-26 14:09:40,00:00:22,0.37,0.01
ElSauce2,2026-02-26,2026-02-26 14:14:43,2026-02-26 14:15:22,00:00:39,0.65,0.01
ElSauce2,2026-02-26,2026-02-26 14:18:35,2026-02-26 14:18:52,00:00:17,0.28,0.0
ElSauce2,2026-02-26,2026-02-26 14:23:56,2026-02-26 14:24:16,00:00:20,0.33,0.01
ElSauce2,2026-02-26,2026-02-26 14:27:30,2026-02-26 14:28:10,00:00:40,0.67,0.01
ElSauce2,2026-02-26,2026-02-26 14:33:48,2026-02-26 14:34:10,00:00:22,0.37,0.01
ElSauce2,2026-02-26,2026-02-26 14:36:56,2026-02-26 14:38:32,00:01:36,1.6,0.03
ElSauce2,2026-02-26,2026-02-26 14:41:21,2026-02-26 14:42:37,00:01:16,1.27,0.02
ElSauce2,2026-02-26,2026-02-26 14:45:31,2026-02-26 14:47:01,00:01:30,1.5,0.03
ElSauce2,2026-02-26,2026-02-26 14:50:31,2026-02-26 14:52:58,00:02:27,2.45,0.04
ElSauce2,2026-02-26,2026-02-26 14:56:15,2026-02-26 15:00:10,00:03:55,3.92,0.07
ElSauce2,2026-02-27,2026-02-27 05:48:15,2026-02-27 05:48:41,00:00:26,0.43,0.01
ElSauce2,2026-02-27,2026-02-27 05:51:57,2026-02-27 05:52:54,00:00:57,0.95,0.02
ElSauce2,2026-02-27,2026-02-27 05:56:20,2026-02-27 06:00:10,00:03:50,3.83,0.06
ElSauce2,2026-02-27,2026-02-27 06:05:41,2026-02-27 06:05:58,00:00:17,0.28,0.0
ElSauce2,2026-02-27,2026-02-27 06:09:11,2026-02-27 06:09:40,00:00:29,0.48,0.01
ElSauce2,2026-02-27,2026-02-27 06:14:56,2026-02-27 06:15:22,00:00:26,0.43,0.01
ElSauce2,2026-02-27,2026-02-27 06:18:38,2026-02-27 06:18:52,00:00:14,0.23,0.0
ElSauce2,2026-02-27,2026-02-27 06:23:58,2026-02-27 06:24:16,00:00:18,0.3,0.01
ElSauce2,2026-02-27,2026-02-27 06:27:57,2026-02-27 06:28:32,00:00:35,0.58,0.01
ElSauce2,2026-02-27,2026-02-27 06:31:52,2026-02-27 06:34:10,00:02:18,2.3,0.04
ElSauce2,2026-02-27,2026-02-27 06:37:00,2026-02-27 06:43:52,00:06:52,6.87,0.11
ElSauce2,2026-02-27,2026-02-27 06:47:28,2026-02-27 06:49:00,00:01:32,1.53,0.03
ElSauce2,2026-02-27,2026-02-27 06:52:12,2026-02-27 06:52:58,00:00:46,0.77,0.01
ElSauce2,2026-02-27,2026-02-27 06:56:11,2026-02-27 07:00:10,00:03:59,3.98,0.07
ElSauce2,2026-02-27,2026-02-27 07:05:41,2026-02-27 07:05:58,00:00:17,0.28,0.0
ElSauce2,2026-02-27,2026-02-27 07:09:11,2026-02-27 07:09:40,00:00:29,0.48,0.01
ElSauce2,2026-02-27,2026-02-27 07:14:53,2026-02-27 07:15:22,00:00:29,0.48,0.01
ElSauce2,2026-02-27,2026-02-27 07:18:25,2026-02-27 07:18:52,00:00:27,0.45,0.01
ElSauce2,2026-02-27,2026-02-27 07:23:53,2026-02-27 07:24:16,00:00:23,0.38,0.01
ElSauce2,2026-02-27,2026-02-27 07:27:39,2026-02-27 07:28:10,00:00:31,0.52,0.01
ElSauce2,2026-02-27,2026-02-27 07:33:56,2026-02-27 07:34:10,00:00:14,0.23,0.0
ElSauce2,2026-02-27,2026-02-27 07:37:00,2026-02-27 07:37:20,00:00:20,0.33,0.01
ElSauce2,2026-02-27,2026-02-27 07:40:11,2026-02-27 07:43:32,00:03:21,3.35,0.06
ElSauce2,2026-02-27,2026-02-27 07:46:19,2026-02-27 07:47:04,00:00:45,0.75,0.01
ElSauce2,2026-02-27,2026-02-27 07:52:38,2026-02-27 07:52:58,00:00:20,0.33,0.01
ElSauce2,2026-02-27,2026-02-27 07:56:11,2026-02-27 08:00:10,00:03:59,3.98,0.07
ElSauce2,2026-02-27,2026-02-27 08:05:33,2026-02-27 08:05:58,00:00:25,0.42,0.01
ElSauce2,2026-02-27,2026-02-27 08:09:14,2026-02-27 08:09:40,00:00:26,0.43,0.01
ElSauce2,2026-02-27,2026-02-27 08:14:43,2026-02-27 08:15:22,00:00:39,0.65,0.01
ElSauce2,2026-02-27,2026-02-27 08:18:35,2026-02-27 08:18:52,00:00:17,0.28,0.0
ElSauce2,2026-02-27,2026-02-27 08:24:00,2026-02-27 08:26:03,00:02:03,2.05,0.03
ElSauce2,2026-02-27,2026-02-27 08:29:01,2026-02-27 08:34:10,00:05:09,5.15,0.09
ElSauce2,2026-02-27,2026-02-27 08:36:57,2026-02-27 08:37:16,00:00:19,0.32,0.01
ElSauce2,2026-02-27,2026-02-27 08:42:50,2026-02-27 08:44:51,00:02:01,2.02,0.03
ElSauce2,2026-02-27,2026-02-27 08:47:36,2026-02-27 08:52:58,00:05:22,5.37,0.09
ElSauce2,2026-02-27,2026-02-27 08:56:05,2026-02-27 09:00:10,00:04:05,4.08,0.07
ElSauce2,2026-02-27,2026-02-27 09:05:27,2026-02-27 09:05:58,00:00:31,0.52,0.01
ElSauce2,2026-02-27,2026-02-27 09:09:15,2026-02-27 09:09:40,00:00:25,0.42,0.01
ElSauce2,2026-02-27,2026-02-27 09:15:00,2026-02-27 09:15:22,00:00:22,0.37,0.01
ElSauce2,2026-02-27,2026-02-27 09:18:17,2026-02-27 09:18:52,00:00:35,0.58,0.01
ElSauce2,2026-02-27,2026-02-27 09:23:55,2026-02-27 09:24:16,00:00:21,0.35,0.01
ElSauce2,2026-02-27,2026-02-27 09:27:29,2026-02-27 09:29:41,00:02:12,2.2,0.04
ElSauce2,2026-02-27,2026-02-27 09:32:57,2026-02-27 09:34:10,00:01:13,1.22,0.02
ElSauce2,2026-02-27,2026-02-27 09:36:55,2026-02-27 09:39:58,00:03:03,3.05,0.05
ElSauce2,2026-02-27,2026-02-27 09:43:19,2026-02-27 09:44:54,00:01:35,1.58,0.03
ElSauce2,2026-02-27,2026-02-27 09:47:44,2026-02-27 09:49:22,00:01:38,1.63,0.03
ElSauce2,2026-02-27,2026-02-27 09:52:34,2026-02-27 09:52:58,00:00:24,0.4,0.01
ElSauce2,2026-02-27,2026-02-27 09:55:59,2026-02-27 10:00:10,00:04:11,4.18,0.07
ElSauce2,2026-02-27,2026-02-27 10:05:35,2026-02-27 10:05:58,00:00:23,0.38,0.01
ElSauce2,2026-02-27,2026-02-27 10:09:23,2026-02-27 10:09:40,00:00:17,0.28,0.0
ElSauce2,2026-02-27,2026-02-27 10:15:03,2026-02-27 10:15:22,00:00:19,0.32,0.01
ElSauce2,2026-02-27,2026-02-27 10:18:32,2026-02-27 10:18:52,00:00:20,0.33,0.01
ElSauce2,2026-02-27,2026-02-27 10:23:55,2026-02-27 10:24:16,00:00:21,0.35,0.01
ElSauce2,2026-02-27,2026-02-27 10:27:53,2026-02-27 10:28:10,00:00:17,0.28,0.0
ElSauce2,2026-02-27,2026-02-27 10:33:57,2026-02-27 10:34:10,00:00:13,0.22,0.0
ElSauce2,2026-02-27,2026-02-27 10:36:53,2026-02-27 10:37:16,00:00:23,0.38,0.01
ElSauce2,2026-02-27,2026-02-27 10:42:57,2026-02-27 10:43:10,00:00:13,0.22,0.0
ElSauce2,2026-02-27,2026-02-27 10:46:46,2026-02-27 10:47:26,00:00:40,0.67,0.01
ElSauce2,2026-02-27,2026-02-27 10:50:39,2026-02-27 10:52:58,00:02:19,2.32,0.04
ElSauce2,2026-02-27,2026-02-27 10:56:12,2026-02-27 10:56:43,00:00:31,0.52,0.01
ElSauce2,2026-02-27,2026-02-27 10:59:36,2026-02-27 11:00:10,00:00:34,0.57,0.01
ElSauce2,2026-02-27,2026-02-27 11:05:40,2026-02-27 11:05:58,00:00:18,0.3,0.01
ElSauce2,2026-02-27,2026-02-27 11:09:26,2026-02-27 11:09:40,00:00:14,0.23,0.0
ElSauce2,2026-02-27,2026-02-27 11:15:09,2026-02-27 11:15:22,00:00:13,0.22,0.0
ElSauce2,2026-02-27,2026-02-27 11:18:21,2026-02-27 11:18:52,00:00:31,0.52,0.01
ElSauce2,2026-02-27,2026-02-27 11:23:56,2026-02-27 11:27:45,00:03:49,3.82,0.06
ElSauce2,2026-02-27,2026-02-27 11:30:59,2026-02-27 11:34:10,00:03:11,3.18,0.05
ElSauce2,2026-02-27,2026-02-27 11:36:58,2026-02-27 11:40:05,00:03:07,3.12,0.05
ElSauce2,2026-02-27,2026-02-27 11:42:40,2026-02-27 11:44:51,00:02:11,2.18,0.04
ElSauce2,2026-02-27,2026-02-27 11:47:41,2026-02-27 11:50:07,00:02:26,2.43,0.04
ElSauce2,2026-02-27,2026-02-27 11:53:29,2026-02-27 11:55:57,00:02:28,2.47,0.04
ElSauce2,2026-02-27,2026-02-27 11:58:45,2026-02-27 12:00:10,00:01:25,1.42,0.02
ElSauce2,2026-02-27,2026-02-27 12:05:31,2026-02-27 12:05:58,00:00:27,0.45,0.01
ElSauce2,2026-02-27,2026-02-27 12:09:12,2026-02-27 12:09:40,00:00:28,0.47,0.01
ElSauce2,2026-02-27,2026-02-27 12:14:44,2026-02-27 12:15:22,00:00:38,0.63,0.01
ElSauce2,2026-02-27,2026-02-27 12:18:36,2026-02-27 12:18:52,00:00:16,0.27,0.0
ElSauce2,2026-02-27,2026-02-27 12:23:59,2026-02-27 12:24:16,00:00:17,0.28,0.0
ElSauce2,2026-02-27,2026-02-27 12:27:30,2026-02-27 12:28:10,00:00:40,0.67,0.01
ElSauce2,2026-02-27,2026-02-27 12:33:54,2026-02-27 12:34:10,00:00:16,0.27,0.0
ElSauce2,2026-02-27,2026-02-27 12:36:59,2026-02-27 12:37:16,00:00:17,0.28,0.0
ElSauce2,2026-02-27,2026-02-27 12:42:47,2026-02-27 12:43:10,00:00:23,0.38,0.01
ElSauce2,2026-02-27,2026-02-27 12:46:52,2026-02-27 12:49:08,00:02:16,2.27,0.04
ElSauce2,2026-02-27,2026-02-27 12:52:09,2026-02-27 12:52:58,00:00:49,0.82,0.01
ElSauce2,2026-02-27,2026-02-27 12:56:05,2026-02-27 13:00:10,00:04:05,4.08,0.07
ElSauce2,2026-02-27,2026-02-27 13:05:38,2026-02-27 13:05:58,00:00:20,0.33,0.01
ElSauce2,2026-02-27,2026-02-27 13:09:22,2026-02-27 13:09:40,00:00:18,0.3,0.01
ElSauce2,2026-02-27,2026-02-27 13:15:00,2026-02-27 13:15:22,00:00:22,0.37,0.01
ElSauce2,2026-02-27,2026-02-27 13:18:24,2026-02-27 13:18:52,00:00:28,0.47,0.01
ElSauce2,2026-02-27,2026-02-27 13:24:03,2026-02-27 13:24:16,00:00:13,0.22,0.0
ElSauce2,2026-02-27,2026-02-27 13:27:29,2026-02-27 13:28:10,00:00:41,0.68,0.01
ElSauce2,2026-02-27,2026-02-27 13:33:50,2026-02-27 13:34:10,00:00:20,0.33,0.01
ElSauce2,2026-02-27,2026-02-27 13:36:57,2026-02-27 13:37:57,00:01:00,1.0,0.02
ElSauce2,2026-02-27,2026-02-27 13:41:10,2026-02-27 13:43:10,00:02:00,2.0,0.03
ElSauce2,2026-02-27,2026-02-27 13:46:23,2026-02-27 13:47:21,00:00:58,0.97,0.02
ElSauce2,2026-02-27,2026-02-27 13:50:34,2026-02-27 13:52:58,00:02:24,2.4,0.04
ElSauce2,2026-02-27,2026-02-27 13:56:13,2026-02-27 14:00:10,00:03:57,3.95,0.07
ElSauce2,2026-02-27,2026-02-27 14:05:27,2026-02-27 14:05:58,00:00:31,0.52,0.01
ElSauce2,2026-02-27,2026-02-27 14:09:28,2026-02-27 14:09:40,00:00:12,0.2,0.0
ElSauce2,2026-02-27,2026-02-27 14:14:43,2026-02-27 14:15:22,00:00:39,0.65,0.01
ElSauce2,2026-02-27,2026-02-27 14:18:35,2026-02-27 14:19:44,00:01:09,1.15,0.02
ElSauce2,2026-02-27,2026-02-27 14:22:53,2026-02-27 14:24:16,00:01:23,1.38,0.02
ElSauce2,2026-02-27,2026-02-27 14:27:30,2026-02-27 14:28:10,00:00:40,0.67,0.01
ElSauce2,2026-02-27,2026-02-27 14:33:44,2026-02-27 14:34:10,00:00:26,0.43,0.01
ElSauce2,2026-02-27,2026-02-27 14:36:56,2026-02-27 14:38:07,00:01:11,1.18,0.02
ElSauce2,2026-02-27,2026-02-27 14:40:56,2026-02-27 14:43:10,00:02:14,2.23,0.04
ElSauce2,2026-02-27,2026-02-27 14:46:24,2026-02-27 14:47:42,00:01:18,1.3,0.02
ElSauce2,2026-02-27,2026-02-27 14:50:50,2026-02-27 14:52:58,00:02:08,2.13,0.04
ElSauce2,2026-02-27,2026-02-27 14:56:16,2026-02-27 15:00:10,00:03:54,3.9,0.07
ElSauce2,2026-02-27,2026-02-27 15:05:27,2026-02-27 15:05:58,00:00:31,0.52,0.01
ElSauce2,2026-02-27,2026-02-27 15:09:17,2026-02-27 15:09:40,00:00:23,0.38,0.01
ElSauce2,2026-02-27,2026-02-27 15:14:44,2026-02-27 15:15:22,00:00:38,0.63,0.01
ElSauce2,2026-02-27,2026-02-27 15:18:34,2026-02-27 15:18:52,00:00:18,0.3,0.01
ElSauce2,2026-02-27,2026-02-27 15:23:56,2026-02-27 15:24:16,00:00:20,0.33,0.01
ElSauce2,2026-02-27,2026-02-27 15:27:50,2026-02-27 15:30:10,00:02:20,2.33,0.04
ElSauce2,2026-02-27,2026-02-27 15:33:20,2026-02-27 15:34:10,00:00:50,0.83,0.01
ElSauce2,2026-02-28,2026-02-28 05:18:27,2026-02-28 05:18:45,00:00:18,0.3,0.01
ElSauce2,2026-02-28,2026-02-28 05:21:58,2026-02-28 05:22:27,00:00:29,0.48,0.01
ElSauce2,2026-02-28,2026-02-28 05:27:43,2026-02-28 05:28:09,00:00:26,0.43,0.01
ElSauce2,2026-02-28,2026-02-28 05:31:25,2026-02-28 05:31:39,00:00:14,0.23,0.0
ElSauce2,2026-02-28,2026-02-28 05:36:42,2026-02-28 05:37:03,00:00:21,0.35,0.01
ElSauce2,2026-02-28,2026-02-28 05:40:16,2026-02-28 05:40:57,00:00:41,0.68,0.01
ElSauce2,2026-02-28,2026-02-28 05:46:45,2026-02-28 05:46:57,00:00:12,0.2,0.0
ElSauce2,2026-02-28,2026-02-28 05:49:47,2026-02-28 05:50:03,00:00:16,0.27,0.0
ElSauce2,2026-02-28,2026-02-28 05:55:42,2026-02-28 05:56:50,00:01:08,1.13,0.02
ElSauce2,2026-02-28,2026-02-28 05:59:44,2026-02-28 06:00:10,00:00:26,0.43,0.01
ElSauce2,2026-02-28,2026-02-28 06:05:43,2026-02-28 06:05:58,00:00:15,0.25,0.0
ElSauce2,2026-02-28,2026-02-28 06:09:11,2026-02-28 06:09:40,00:00:29,0.48,0.01
ElSauce2,2026-02-28,2026-02-28 06:14:43,2026-02-28 06:15:22,00:00:39,0.65,0.01
ElSauce2,2026-02-28,2026-02-28 06:18:38,2026-02-28 06:18:52,00:00:14,0.23,0.0
ElSauce2,2026-02-28,2026-02-28 06:23:56,2026-02-28 06:24:16,00:00:20,0.33,0.01
ElSauce2,2026-02-28,2026-02-28 06:27:41,2026-02-28 06:28:10,00:00:29,0.48,0.01
ElSauce2,2026-02-28,2026-02-28 06:33:42,2026-02-28 06:34:10,00:00:28,0.47,0.01
ElSauce2,2026-02-28,2026-02-28 06:37:00,2026-02-28 06:37:20,00:00:20,0.33,0.01
ElSauce2,2026-02-28,2026-02-28 06:40:47,2026-02-28 06:46:44,00:05:57,5.95,0.1
ElSauce2,2026-02-28,2026-02-28 06:49:58,2026-02-28 06:52:58,00:03:00,3.0,0.05
ElSauce2,2026-02-28,2026-02-28 06:56:11,2026-02-28 07:00:10,00:03:59,3.98,0.07
ElSauce2,2026-02-28,2026-02-28 07:05:27,2026-02-28 07:05:58,00:00:31,0.52,0.01
ElSauce2,2026-02-28,2026-02-28 07:09:11,2026-02-28 07:09:40,00:00:29,0.48,0.01
ElSauce2,2026-02-28,2026-02-28 07:14:53,2026-02-28 07:15:22,00:00:29,0.48,0.01
ElSauce2,2026-02-28,2026-02-28 07:18:25,2026-02-28 07:18:52,00:00:27,0.45,0.01
ElSauce2,2026-02-28,2026-02-28 07:23:53,2026-02-28 07:24:16,00:00:23,0.38,0.01
ElSauce2,2026-02-28,2026-02-28 07:27:55,2026-02-28 07:28:10,00:00:15,0.25,0.0
ElSauce2,2026-02-28,2026-02-28 07:33:51,2026-02-28 07:34:10,00:00:19,0.32,0.01
ElSauce2,2026-02-28,2026-02-28 07:37:00,2026-02-28 07:37:16,00:00:16,0.27,0.0
ElSauce2,2026-02-28,2026-02-28 07:42:56,2026-02-28 07:43:10,00:00:14,0.23,0.0
ElSauce2,2026-02-28,2026-02-28 07:46:44,2026-02-28 07:48:38,00:01:54,1.9,0.03
ElSauce2,2026-02-28,2026-02-28 07:51:51,2026-02-28 07:52:58,00:01:07,1.12,0.02
ElSauce2,2026-02-28,2026-02-28 07:56:11,2026-02-28 08:00:10,00:03:59,3.98,0.07
ElSauce2,2026-02-28,2026-02-28 08:05:27,2026-02-28 08:05:58,00:00:31,0.52,0.01
ElSauce2,2026-02-28,2026-02-28 08:09:11,2026-02-28 08:09:40,00:00:29,0.48,0.01
ElSauce2,2026-02-28,2026-02-28 08:15:08,2026-02-28 08:15:22,00:00:14,0.23,0.0
ElSauce2,2026-02-28,2026-02-28 08:18:38,2026-02-28 08:18:52,00:00:14,0.23,0.0
ElSauce2,2026-02-28,2026-02-28 08:24:00,2026-02-28 08:24:16,00:00:16,0.27,0.0
ElSauce2,2026-02-28,2026-02-28 08:27:53,2026-02-28 08:28:10,00:00:17,0.28,0.0
ElSauce2,2026-02-28,2026-02-28 08:33:46,2026-02-28 08:34:10,00:00:24,0.4,0.01
ElSauce2,2026-02-28,2026-02-28 08:37:00,2026-02-28 08:37:50,00:00:50,0.83,0.01
ElSauce2,2026-02-28,2026-02-28 08:40:42,2026-02-28 08:43:10,00:02:28,2.47,0.04
ElSauce2,2026-02-28,2026-02-28 08:46:44,2026-02-28 08:48:41,00:01:57,1.95,0.03
ElSauce2,2026-02-28,2026-02-28 08:51:52,2026-02-28 08:52:58,00:01:06,1.1,0.02
ElSauce2,2026-02-28,2026-02-28 08:56:11,2026-02-28 09:00:10,00:03:59,3.98,0.07
ElSauce2,2026-02-28,2026-02-28 09:05:41,2026-02-28 09:05:58,00:00:17,0.28,0.0
ElSauce2,2026-02-28,2026-02-28 09:09:11,2026-02-28 09:09:40,00:00:29,0.48,0.01
ElSauce2,2026-02-28,2026-02-28 09:14:43,2026-02-28 09:15:22,00:00:39,0.65,0.01
ElSauce2,2026-02-28,2026-02-28 09:18:35,2026-02-28 09:18:52,00:00:17,0.28,0.0
ElSauce2,2026-02-28,2026-02-28 09:23:51,2026-02-28 09:24:16,00:00:25,0.42,0.01
ElSauce2,2026-02-28,2026-02-28 09:27:49,2026-02-28 09:28:10,00:00:21,0.35,0.01
ElSauce2,2026-02-28,2026-02-28 09:33:56,2026-02-28 09:34:10,00:00:14,0.23,0.0
ElSauce2,2026-02-28,2026-02-28 09:36:55,2026-02-28 09:39:24,00:02:29,2.48,0.04
ElSauce2,2026-02-28,2026-02-28 09:44:34,2026-02-28 09:45:06,00:00:32,0.53,0.01
ElSauce2,2026-02-28,2026-02-28 09:48:18,2026-02-28 09:52:58,00:04:40,4.67,0.08
ElSauce2,2026-02-28,2026-02-28 09:55:55,2026-02-28 10:00:10,00:04:15,4.25,0.07
ElSauce2,2026-02-28,2026-02-28 10:05:28,2026-02-28 10:05:58,00:00:30,0.5,0.01
ElSauce2,2026-02-28,2026-02-28 10:09:24,2026-02-28 10:09:40,00:00:16,0.27,0.0
ElSauce2,2026-02-28,2026-02-28 10:14:43,2026-02-28 10:15:22,00:00:39,0.65,0.01
ElSauce2,2026-02-28,2026-02-28 10:18:31,2026-02-28 10:18:52,00:00:21,0.35,0.01
ElSauce2,2026-02-28,2026-02-28 10:23:59,2026-02-28 10:24:16,00:00:17,0.28,0.0
ElSauce2,2026-02-28,2026-02-28 10:27:53,2026-02-28 10:28:10,00:00:17,0.28,0.0
ElSauce2,2026-02-28,2026-02-28 10:33:52,2026-02-28 10:34:10,00:00:18,0.3,0.01
ElSauce2,2026-02-28,2026-02-28 10:37:03,2026-02-28 10:42:00,00:04:57,4.95,0.08
ElSauce2,2026-02-28,2026-02-28 10:45:13,2026-02-28 10:47:04,00:01:51,1.85,0.03
ElSauce2,2026-02-28,2026-02-28 10:52:42,2026-02-28 10:52:58,00:00:16,0.27,0.0
ElSauce2,2026-02-28,2026-02-28 10:56:12,2026-02-28 11:00:10,00:03:58,3.97,0.07
ElSauce2,2026-02-28,2026-02-28 11:05:27,2026-02-28 11:05:58,00:00:31,0.52,0.01
ElSauce2,2026-02-28,2026-02-28 11:09:14,2026-02-28 11:09:40,00:00:26,0.43,0.01
ElSauce2,2026-02-28,2026-02-28 11:15:07,2026-02-28 11:15:22,00:00:15,0.25,0.0
ElSauce2,2026-02-28,2026-02-28 11:18:21,2026-02-28 11:18:52,00:00:31,0.52,0.01
ElSauce2,2026-02-28,2026-02-28 11:23:57,2026-02-28 11:24:16,00:00:19,0.32,0.01
ElSauce2,2026-02-28,2026-02-28 11:27:52,2026-02-28 11:29:16,00:01:24,1.4,0.02
ElSauce2,2026-02-28,2026-02-28 11:32:44,2026-02-28 11:34:10,00:01:26,1.43,0.02
ElSauce2,2026-02-28,2026-02-28 11:36:56,2026-02-28 11:40:47,00:03:51,3.85,0.06
ElSauce2,2026-02-28,2026-02-28 11:43:37,2026-02-28 11:45:59,00:02:22,2.37,0.04
ElSauce2,2026-02-28,2026-02-28 11:49:21,2026-02-28 11:55:23,00:06:02,6.03,0.1
ElSauce2,2026-02-28,2026-02-28 11:58:31,2026-02-28 12:00:10,00:01:39,1.65,0.03
ElSauce2,2026-02-28,2026-02-28 12:05:31,2026-02-28 12:05:58,00:00:27,0.45,0.01
ElSauce2,2026-02-28,2026-02-28 12:09:23,2026-02-28 12:09:40,00:00:17,0.28,0.0
ElSauce2,2026-02-28,2026-02-28 12:15:08,2026-02-28 12:15:22,00:00:14,0.23,0.0
ElSauce2,2026-02-28,2026-02-28 12:18:37,2026-02-28 12:21:45,00:03:08,3.13,0.05
ElSauce2,2026-02-28,2026-02-28 12:24:59,2026-02-28 12:29:43,00:04:44,4.73,0.08
ElSauce2,2026-02-28,2026-02-28 12:32:57,2026-02-28 12:34:10,00:01:13,1.22,0.02
ElSauce2,2026-02-28,2026-02-28 12:36:58,2026-02-28 12:37:33,00:00:35,0.58,0.01
ElSauce2,2026-02-28,2026-02-28 12:40:43,2026-02-28 12:42:32,00:01:49,1.82,0.03
ElSauce2,2026-02-28,2026-02-28 12:45:58,2026-02-28 12:47:02,00:01:04,1.07,0.02
ElSauce2,2026-02-28,2026-02-28 12:49:51,2026-02-28 12:55:21,00:05:30,5.5,0.09
ElSauce2,2026-02-28,2026-02-28 12:58:08,2026-02-28 13:00:10,00:02:02,2.03,0.03
ElSauce2,2026-02-28,2026-02-28 13:05:44,2026-02-28 13:05:58,00:00:14,0.23,0.0
ElSauce2,2026-02-28,2026-02-28 13:09:22,2026-02-28 13:09:40,00:00:18,0.3,0.01
ElSauce2,2026-02-28,2026-02-28 13:14:43,2026-02-28 13:15:22,00:00:39,0.65,0.01
ElSauce2,2026-02-28,2026-02-28 13:18:23,2026-02-28 13:19:47,00:01:24,1.4,0.02
ElSauce2,2026-02-28,2026-02-28 13:23:02,2026-02-28 13:24:16,00:01:14,1.23,0.02
ElSauce2,2026-02-28,2026-02-28 13:27:29,2026-02-28 13:28:10,00:00:41,0.68,0.01
ElSauce2,2026-02-28,2026-02-28 13:33:52,2026-02-28 13:34:10,00:00:18,0.3,0.01
ElSauce2,2026-02-28,2026-02-28 13:36:56,2026-02-28 13:38:17,00:01:21,1.35,0.02
ElSauce2,2026-02-28,2026-02-28 13:41:30,2026-02-28 13:43:22,00:01:52,1.87,0.03
ElSauce2,2026-02-28,2026-02-28 13:46:35,2026-02-28 13:47:41,00:01:06,1.1,0.02
ElSauce2,2026-02-28,2026-02-28 13:50:54,2026-02-28 13:52:58,00:02:04,2.07,0.03
ElSauce2,2026-02-28,2026-02-28 13:56:14,2026-02-28 13:56:29,00:00:15,0.25,0.0
ElSauce2,2026-02-28,2026-02-28 13:59:42,2026-02-28 14:00:10,00:00:28,0.47,0.01
ElSauce2,2026-02-28,2026-02-28 14:05:27,2026-02-28 14:05:58,00:00:31,0.52,0.01
ElSauce2,2026-02-28,2026-02-28 14:09:28,2026-02-28 14:09:40,00:00:12,0.2,0.0
ElSauce2,2026-02-28,2026-02-28 14:14:43,2026-02-28 14:15:22,00:00:39,0.65,0.01
ElSauce2,2026-02-28,2026-02-28 14:18:34,2026-02-28 14:18:52,00:00:18,0.3,0.01
ElSauce2,2026-02-28,2026-02-28 14:23:55,2026-02-28 14:24:16,00:00:21,0.35,0.01
ElSauce2,2026-02-28,2026-02-28 14:27:30,2026-02-28 14:28:10,00:00:40,0.67,0.01
ElSauce2,2026-02-28,2026-02-28 14:33:55,2026-02-28 14:34:10,00:00:15,0.25,0.0
ElSauce2,2026-02-28,2026-02-28 14:36:56,2026-02-28 14:37:16,00:00:20,0.33,0.01
ElSauce2,2026-02-28,2026-02-28 14:42:53,2026-02-28 14:43:10,00:00:17,0.28,0.0
ElSauce2,2026-02-28,2026-02-28 14:46:24,2026-02-28 14:47:59,00:01:35,1.58,0.03
ElSauce2,2026-02-28,2026-02-28 14:51:16,2026-02-28 14:52:58,00:01:42,1.7,0.03
ElSauce2,2026-02-28,2026-02-28 14:56:16,2026-02-28 15:00:10,00:03:54,3.9,0.07
ElSauce2,2026-02-28,2026-02-28 15:05:31,2026-02-28 15:05:58,00:00:27,0.45,0.01
ElSauce2,2026-02-28,2026-02-28 15:09:18,2026-02-28 15:09:40,00:00:22,0.37,0.01
ElSauce2,2026-02-28,2026-02-28 15:14:44,2026-02-28 15:15:22,00:00:38,0.63,0.01
ElSauce2,2026-02-28,2026-02-28 15:18:34,2026-02-28 15:18:52,00:00:18,0.3,0.01
ElSauce2,2026-02-28,2026-02-28 15:23:56,2026-02-28 15:24:16,00:00:20,0.33,0.01
ElSauce2,2026-02-28,2026-02-28 15:27:51,2026-02-28 15:28:10,00:00:19,0.32,0.01
ElSauce2,2026-02-28,2026-02-28 15:33:56,2026-02-28 15:34:10,00:00:14,0.23,0.0
ElSauce2,2026-03-01,2026-03-01 05:17:15,2026-03-01 05:17:37,00:00:22,0.37,0.01
ElSauce2,2026-03-01,2026-03-01 05:20:50,2026-03-01 05:21:19,00:00:29,0.48,0.01
ElSauce2,2026-03-01,2026-03-01 05:26:49,2026-03-01 05:27:01,00:00:12,0.2,0.0
ElSauce2,2026-03-01,2026-03-01 05:30:17,2026-03-01 05:30:31,00:00:14,0.23,0.0
ElSauce2,2026-03-01,2026-03-01 05:35:34,2026-03-01 05:35:55,00:00:21,0.35,0.01
ElSauce2,2026-03-01,2026-03-01 05:39:08,2026-03-01 05:39:49,00:00:41,0.68,0.01
ElSauce2,2026-03-01,2026-03-01 05:45:23,2026-03-01 05:45:49,00:00:26,0.43,0.01
ElSauce2,2026-03-01,2026-03-01 05:48:39,2026-03-01 05:50:04,00:01:25,1.42,0.02
ElSauce2,2026-03-01,2026-03-01 05:53:28,2026-03-01 05:54:13,00:00:45,0.75,0.01
ElSauce2,2026-03-01,2026-03-01 05:57:28,2026-03-01 06:00:10,00:02:42,2.7,0.05
ElSauce2,2026-03-01,2026-03-01 06:05:34,2026-03-01 06:05:58,00:00:24,0.4,0.01
ElSauce2,2026-03-01,2026-03-01 06:09:11,2026-03-01 06:09:40,00:00:29,0.48,0.01
ElSauce2,2026-03-01,2026-03-01 06:14:43,2026-03-01 06:15:22,00:00:39,0.65,0.01
ElSauce2,2026-03-01,2026-03-01 06:18:38,2026-03-01 06:18:52,00:00:14,0.23,0.0
ElSauce2,2026-03-01,2026-03-01 06:23:55,2026-03-01 06:24:16,00:00:21,0.35,0.01
ElSauce2,2026-03-01,2026-03-01 06:27:41,2026-03-01 06:28:10,00:00:29,0.48,0.01
ElSauce2,2026-03-01,2026-03-01 06:33:57,2026-03-01 06:34:10,00:00:13,0.22,0.0
ElSauce2,2026-03-01,2026-03-01 06:37:00,2026-03-01 06:37:16,00:00:16,0.27,0.0
ElSauce2,2026-03-01,2026-03-01 06:42:51,2026-03-01 06:46:58,00:04:07,4.12,0.07
ElSauce2,2026-03-01,2026-03-01 06:49:51,2026-03-01 06:52:58,00:03:07,3.12,0.05
ElSauce2,2026-03-01,2026-03-01 06:56:11,2026-03-01 07:00:10,00:03:59,3.98,0.07
ElSauce2,2026-03-01,2026-03-01 07:05:27,2026-03-01 07:05:58,00:00:31,0.52,0.01
ElSauce2,2026-03-01,2026-03-01 07:09:11,2026-03-01 07:09:40,00:00:29,0.48,0.01
ElSauce2,2026-03-01,2026-03-01 07:14:52,2026-03-01 07:15:22,00:00:30,0.5,0.01
ElSauce2,2026-03-01,2026-03-01 07:18:25,2026-03-01 07:18:52,00:00:27,0.45,0.01
ElSauce2,2026-03-01,2026-03-01 07:24:04,2026-03-01 07:24:16,00:00:12,0.2,0.0
ElSauce2,2026-03-01,2026-03-01 07:27:54,2026-03-01 07:28:10,00:00:16,0.27,0.0
ElSauce2,2026-03-01,2026-03-01 07:33:50,2026-03-01 07:34:10,00:00:20,0.33,0.01
ElSauce2,2026-03-01,2026-03-01 07:37:00,2026-03-01 07:37:16,00:00:16,0.27,0.0
ElSauce2,2026-03-01,2026-03-01 07:42:47,2026-03-01 07:43:10,00:00:23,0.38,0.01
ElSauce2,2026-03-01,2026-03-01 07:46:43,2026-03-01 07:47:04,00:00:21,0.35,0.01
ElSauce2,2026-03-01,2026-03-01 07:52:38,2026-03-01 07:52:58,00:00:20,0.33,0.01
ElSauce2,2026-03-01,2026-03-01 07:56:11,2026-03-01 08:00:10,00:03:59,3.98,0.07
ElSauce2,2026-03-01,2026-03-01 08:05:27,2026-03-01 08:05:58,00:00:31,0.52,0.01
ElSauce2,2026-03-01,2026-03-01 08:09:11,2026-03-01 08:09:40,00:00:29,0.48,0.01
ElSauce2,2026-03-01,2026-03-01 08:15:08,2026-03-01 08:15:22,00:00:14,0.23,0.0
ElSauce2,2026-03-01,2026-03-01 08:18:38,2026-03-01 08:18:52,00:00:14,0.23,0.0
ElSauce2,2026-03-01,2026-03-01 08:23:59,2026-03-01 08:24:16,00:00:17,0.28,0.0
ElSauce2,2026-03-01,2026-03-01 08:27:52,2026-03-01 08:28:10,00:00:18,0.3,0.01
ElSauce2,2026-03-01,2026-03-01 08:33:37,2026-03-01 08:34:10,00:00:33,0.55,0.01
ElSauce2,2026-03-01,2026-03-01 08:37:00,2026-03-01 08:37:16,00:00:16,0.27,0.0
ElSauce2,2026-03-01,2026-03-01 08:42:46,2026-03-01 08:43:10,00:00:24,0.4,0.01
ElSauce2,2026-03-01,2026-03-01 08:46:44,2026-03-01 08:47:04,00:00:20,0.33,0.01
ElSauce2,2026-03-01,2026-03-01 08:52:36,2026-03-01 08:52:58,00:00:22,0.37,0.01
ElSauce2,2026-03-01,2026-03-01 08:56:11,2026-03-01 09:00:10,00:03:59,3.98,0.07
ElSauce2,2026-03-01,2026-03-01 09:05:44,2026-03-01 09:05:58,00:00:14,0.23,0.0
ElSauce2,2026-03-01,2026-03-01 09:09:11,2026-03-01 09:09:40,00:00:29,0.48,0.01
ElSauce2,2026-03-01,2026-03-01 09:15:09,2026-03-01 09:15:22,00:00:13,0.22,0.0
ElSauce2,2026-03-01,2026-03-01 09:18:38,2026-03-01 09:18:52,00:00:14,0.23,0.0
ElSauce2,2026-03-01,2026-03-01 09:24:04,2026-03-01 09:24:16,00:00:12,0.2,0.0
ElSauce2,2026-03-01,2026-03-01 09:27:50,2026-03-01 09:28:10,00:00:20,0.33,0.01
ElSauce2,2026-03-01,2026-03-01 09:33:44,2026-03-01 09:34:10,00:00:26,0.43,0.01
ElSauce2,2026-03-01,2026-03-01 09:36:59,2026-03-01 09:40:40,00:03:41,3.68,0.06
ElSauce2,2026-03-01,2026-03-01 09:43:52,2026-03-01 09:45:28,00:01:36,1.6,0.03
ElSauce2,2026-03-01,2026-03-01 09:48:41,2026-03-01 09:52:58,00:04:17,4.28,0.07
ElSauce2,2026-03-01,2026-03-01 09:56:12,2026-03-01 10:00:10,00:03:58,3.97,0.07
ElSauce2,2026-03-01,2026-03-01 10:05:27,2026-03-01 10:05:58,00:00:31,0.52,0.01
ElSauce2,2026-03-01,2026-03-01 10:09:24,2026-03-01 10:09:40,00:00:16,0.27,0.0
ElSauce2,2026-03-01,2026-03-01 10:14:43,2026-03-01 10:15:22,00:00:39,0.65,0.01
ElSauce2,2026-03-01,2026-03-01 10:18:30,2026-03-01 10:18:52,00:00:22,0.37,0.01
ElSauce2,2026-03-01,2026-03-01 10:23:58,2026-03-01 10:24:16,00:00:18,0.3,0.01
ElSauce2,2026-03-01,2026-03-01 10:27:53,2026-03-01 10:29:48,00:01:55,1.92,0.03
ElSauce2,2026-03-01,2026-03-01 10:32:56,2026-03-01 10:34:10,00:01:14,1.23,0.02
ElSauce2,2026-03-01,2026-03-01 10:37:03,2026-03-01 10:41:04,00:04:01,4.02,0.07
ElSauce2,2026-03-01,2026-03-01 10:43:47,2026-03-01 10:44:49,00:01:02,1.03,0.02
ElSauce2,2026-03-01,2026-03-01 10:48:02,2026-03-01 10:48:48,00:00:46,0.77,0.01
ElSauce2,2026-03-01,2026-03-01 10:52:11,2026-03-01 10:52:58,00:00:47,0.78,0.01
ElSauce2,2026-03-01,2026-03-01 10:56:13,2026-03-01 11:00:10,00:03:57,3.95,0.07
ElSauce2,2026-03-01,2026-03-01 11:05:41,2026-03-01 11:05:58,00:00:17,0.28,0.0
ElSauce2,2026-03-01,2026-03-01 11:09:14,2026-03-01 11:09:40,00:00:26,0.43,0.01
ElSauce2,2026-03-01,2026-03-01 11:15:07,2026-03-01 11:15:22,00:00:15,0.25,0.0
ElSauce2,2026-03-01,2026-03-01 11:18:20,2026-03-01 11:18:52,00:00:32,0.53,0.01
ElSauce2,2026-03-01,2026-03-01 11:23:58,2026-03-01 11:24:16,00:00:18,0.3,0.01
ElSauce2,2026-03-01,2026-03-01 11:27:52,2026-03-01 11:28:10,00:00:18,0.3,0.01
ElSauce2,2026-03-01,2026-03-01 11:33:57,2026-03-01 11:34:10,00:00:13,0.22,0.0
ElSauce2,2026-03-01,2026-03-01 11:36:56,2026-03-01 11:41:50,00:04:54,4.9,0.08
ElSauce2,2026-03-01,2026-03-01 11:45:12,2026-03-01 11:47:21,00:02:09,2.15,0.04
ElSauce2,2026-03-01,2026-03-01 11:50:06,2026-03-01 11:51:14,00:01:08,1.13,0.02
ElSauce2,2026-03-01,2026-03-01 11:54:22,2026-03-01 11:55:31,00:01:09,1.15,0.02
ElSauce2,2026-03-01,2026-03-01 11:58:38,2026-03-01 12:00:10,00:01:32,1.53,0.03
ElSauce2,2026-03-01,2026-03-01 12:05:38,2026-03-01 12:05:58,00:00:20,0.33,0.01
ElSauce2,2026-03-01,2026-03-01 12:09:24,2026-03-01 12:09:40,00:00:16,0.27,0.0
ElSauce2,2026-03-01,2026-03-01 12:15:09,2026-03-01 12:15:22,00:00:13,0.22,0.0
ElSauce2,2026-03-01,2026-03-01 12:18:36,2026-03-01 12:18:52,00:00:16,0.27,0.0
ElSauce2,2026-03-01,2026-03-01 12:23:54,2026-03-01 12:24:16,00:00:22,0.37,0.01
ElSauce2,2026-03-01,2026-03-01 12:27:58,2026-03-01 12:28:10,00:00:12,0.2,0.0
ElSauce2,2026-03-01,2026-03-01 12:33:38,2026-03-01 12:34:10,00:00:32,0.53,0.01
ElSauce2,2026-03-01,2026-03-01 12:36:57,2026-03-01 12:42:55,00:05:58,5.97,0.1
ElSauce2,2026-03-01,2026-03-01 12:45:44,2026-03-01 12:46:10,00:00:26,0.43,0.01
ElSauce2,2026-03-01,2026-03-01 12:49:07,2026-03-01 12:52:58,00:03:51,3.85,0.06
ElSauce2,2026-03-01,2026-03-01 12:56:10,2026-03-01 13:00:10,00:04:00,4.0,0.07
ElSauce2,2026-03-01,2026-03-01 13:05:35,2026-03-01 13:08:36,00:03:01,3.02,0.05
ElSauce2,2026-03-01,2026-03-01 13:12:03,2026-03-01 13:15:22,00:03:19,3.32,0.06
ElSauce2,2026-03-01,2026-03-01 13:18:22,2026-03-01 13:18:52,00:00:30,0.5,0.01
ElSauce2,2026-03-01,2026-03-01 13:23:56,2026-03-01 13:24:16,00:00:20,0.33,0.01
ElSauce2,2026-03-01,2026-03-01 13:27:41,2026-03-01 13:28:10,00:00:29,0.48,0.01
ElSauce2,2026-03-01,2026-03-01 13:33:44,2026-03-01 13:34:10,00:00:26,0.43,0.01
ElSauce2,2026-03-01,2026-03-01 13:36:55,2026-03-01 13:38:36,00:01:41,1.68,0.03
ElSauce2,2026-03-01,2026-03-01 13:41:49,2026-03-01 13:43:10,00:01:21,1.35,0.02
ElSauce2,2026-03-01,2026-03-01 13:46:37,2026-03-01 13:48:00,00:01:23,1.38,0.02
ElSauce2,2026-03-01,2026-03-01 13:51:13,2026-03-01 13:51:47,00:00:34,0.57,0.01
ElSauce2,2026-03-01,2026-03-01 13:55:01,2026-03-01 13:55:36,00:00:35,0.58,0.01
ElSauce2,2026-03-01,2026-03-01 13:58:34,2026-03-01 14:00:10,00:01:36,1.6,0.03
ElSauce2,2026-03-01,2026-03-01 14:05:27,2026-03-01 14:05:58,00:00:31,0.52,0.01
ElSauce2,2026-03-01,2026-03-01 14:09:27,2026-03-01 14:09:40,00:00:13,0.22,0.0
ElSauce2,2026-03-01,2026-03-01 14:15:09,2026-03-01 14:15:22,00:00:13,0.22,0.0
ElSauce2,2026-03-01,2026-03-01 14:18:34,2026-03-01 14:18:52,00:00:18,0.3,0.01
ElSauce2,2026-03-01,2026-03-01 14:23:58,2026-03-01 14:24:16,00:00:18,0.3,0.01
ElSauce2,2026-03-01,2026-03-01 14:27:30,2026-03-01 14:28:10,00:00:40,0.67,0.01
ElSauce2,2026-03-01,2026-03-01 14:33:54,2026-03-01 14:34:10,00:00:16,0.27,0.0
ElSauce2,2026-03-01,2026-03-01 14:36:56,2026-03-01 14:39:35,00:02:39,2.65,0.04
ElSauce2,2026-03-01,2026-03-01 14:42:43,2026-03-01 14:43:10,00:00:27,0.45,0.01
ElSauce2,2026-03-01,2026-03-01 14:46:24,2026-03-01 14:47:33,00:01:09,1.15,0.02
ElSauce2,2026-03-01,2026-03-01 14:50:18,2026-03-01 14:52:58,00:02:40,2.67,0.04
ElSauce2,2026-03-01,2026-03-01 14:55:51,2026-03-01 15:00:10,00:04:19,4.32,0.07
ElSauce2,2026-03-01,2026-03-01 15:05:40,2026-03-01 15:05:58,00:00:18,0.3,0.01
ElSauce2,2026-03-01,2026-03-01 15:09:19,2026-03-01 15:09:40,00:00:21,0.35,0.01
ElSauce2,2026-03-01,2026-03-01 15:14:44,2026-03-01 15:15:22,00:00:38,0.63,0.01
ElSauce2,2026-03-01,2026-03-01 15:18:34,2026-03-01 15:18:52,00:00:18,0.3,0.01
ElSauce2,2026-03-01,2026-03-01 15:23:56,2026-03-01 15:24:16,00:00:20,0.33,0.01
ElSauce2,2026-03-01,2026-03-01 15:27:52,2026-03-01 15:28:10,00:00:18,0.3,0.01
ElSauce2,2026-03-01,2026-03-01 15:33:36,2026-03-01 15:34:10,00:00:34,0.57,0.01
ElSauce2,2026-03-02,2026-03-02 05:15:57,2026-03-02 05:16:28,00:00:31,0.52,0.01
ElSauce2,2026-03-02,2026-03-02 05:19:41,2026-03-02 05:20:10,00:00:29,0.48,0.01
ElSauce2,2026-03-02,2026-03-02 05:25:12,2026-03-02 05:25:52,00:00:40,0.67,0.01
ElSauce2,2026-03-02,2026-03-02 05:29:08,2026-03-02 05:34:26,00:05:18,5.3,0.09
ElSauce2,2026-03-02,2026-03-02 05:37:51,2026-03-02 05:40:47,00:02:56,2.93,0.05
ElSauce2,2026-03-02,2026-03-02 05:44:14,2026-03-02 05:44:40,00:00:26,0.43,0.01
ElSauce2,2026-03-02,2026-03-02 05:47:30,2026-03-02 05:50:11,00:02:41,2.68,0.04
ElSauce2,2026-03-02,2026-03-02 05:53:26,2026-03-02 06:05:58,00:12:32,12.53,0.21
ElSauce2,2026-03-02,2026-03-02 06:09:11,2026-03-02 06:09:40,00:00:29,0.48,0.01
ElSauce2,2026-03-02,2026-03-02 06:14:43,2026-03-02 06:15:22,00:00:39,0.65,0.01
ElSauce2,2026-03-02,2026-03-02 06:18:25,2026-03-02 06:18:52,00:00:27,0.45,0.01
ElSauce2,2026-03-02,2026-03-02 06:23:55,2026-03-02 06:24:16,00:00:21,0.35,0.01
ElSauce2,2026-03-02,2026-03-02 06:27:41,2026-03-02 06:28:10,00:00:29,0.48,0.01
ElSauce2,2026-03-02,2026-03-02 06:33:40,2026-03-02 06:34:10,00:00:30,0.5,0.01
ElSauce2,2026-03-02,2026-03-02 06:37:00,2026-03-02 06:37:16,00:00:16,0.27,0.0
ElSauce2,2026-03-02,2026-03-02 06:42:44,2026-03-02 06:43:23,00:00:39,0.65,0.01
ElSauce2,2026-03-02,2026-03-02 06:46:16,2026-03-02 06:47:33,00:01:17,1.28,0.02
ElSauce2,2026-03-02,2026-03-02 06:51:00,2026-03-02 06:52:58,00:01:58,1.97,0.03
ElSauce2,2026-03-02,2026-03-02 06:56:11,2026-03-02 07:00:10,00:03:59,3.98,0.07
ElSauce2,2026-03-02,2026-03-02 07:05:27,2026-03-02 07:05:58,00:00:31,0.52,0.01
ElSauce2,2026-03-02,2026-03-02 07:09:11,2026-03-02 07:09:40,00:00:29,0.48,0.01
ElSauce2,2026-03-02,2026-03-02 07:14:52,2026-03-02 07:15:22,00:00:30,0.5,0.01
ElSauce2,2026-03-02,2026-03-02 07:18:25,2026-03-02 07:18:52,00:00:27,0.45,0.01
ElSauce2,2026-03-02,2026-03-02 07:24:04,2026-03-02 07:24:16,00:00:12,0.2,0.0
ElSauce2,2026-03-02,2026-03-02 07:27:52,2026-03-02 07:28:10,00:00:18,0.3,0.01
ElSauce2,2026-03-02,2026-03-02 07:33:55,2026-03-02 07:34:10,00:00:15,0.25,0.0
ElSauce2,2026-03-02,2026-03-02 07:37:00,2026-03-02 07:37:16,00:00:16,0.27,0.0
ElSauce2,2026-03-02,2026-03-02 07:42:35,2026-03-02 07:43:10,00:00:35,0.58,0.01
ElSauce2,2026-03-02,2026-03-02 07:46:42,2026-03-02 07:47:04,00:00:22,0.37,0.01
ElSauce2,2026-03-02,2026-03-02 07:52:35,2026-03-02 07:52:58,00:00:23,0.38,0.01
ElSauce2,2026-03-02,2026-03-02 07:56:11,2026-03-02 08:00:10,00:03:59,3.98,0.07
ElSauce2,2026-03-02,2026-03-02 08:05:27,2026-03-02 08:05:58,00:00:31,0.52,0.01
ElSauce2,2026-03-02,2026-03-02 08:09:11,2026-03-02 08:09:40,00:00:29,0.48,0.01
ElSauce2,2026-03-02,2026-03-02 08:15:07,2026-03-02 08:15:22,00:00:15,0.25,0.0
ElSauce2,2026-03-02,2026-03-02 08:18:38,2026-03-02 08:18:52,00:00:14,0.23,0.0
ElSauce2,2026-03-02,2026-03-02 08:23:59,2026-03-02 08:24:16,00:00:17,0.28,0.0
ElSauce2,2026-03-02,2026-03-02 08:27:51,2026-03-02 08:28:10,00:00:19,0.32,0.01
ElSauce2,2026-03-02,2026-03-02 08:33:48,2026-03-02 08:34:10,00:00:22,0.37,0.01
ElSauce2,2026-03-02,2026-03-02 08:37:00,2026-03-02 08:37:16,00:00:16,0.27,0.0
ElSauce2,2026-03-02,2026-03-02 08:42:55,2026-03-02 08:43:10,00:00:15,0.25,0.0
ElSauce2,2026-03-02,2026-03-02 08:46:44,2026-03-02 08:48:03,00:01:19,1.32,0.02
ElSauce2,2026-03-02,2026-03-02 08:51:10,2026-03-02 08:52:58,00:01:48,1.8,0.03
ElSauce2,2026-03-02,2026-03-02 08:56:11,2026-03-02 09:00:10,00:03:59,3.98,0.07
ElSauce2,2026-03-02,2026-03-02 09:05:27,2026-03-02 09:05:58,00:00:31,0.52,0.01
ElSauce2,2026-03-02,2026-03-02 09:09:11,2026-03-02 09:09:40,00:00:29,0.48,0.01
ElSauce2,2026-03-02,2026-03-02 09:15:09,2026-03-02 09:15:22,00:00:13,0.22,0.0
ElSauce2,2026-03-02,2026-03-02 09:18:38,2026-03-02 09:18:52,00:00:14,0.23,0.0
ElSauce2,2026-03-02,2026-03-02 09:23:50,2026-03-02 09:24:16,00:00:26,0.43,0.01
ElSauce2,2026-03-02,2026-03-02 09:27:50,2026-03-02 09:28:10,00:00:20,0.33,0.01
ElSauce2,2026-03-02,2026-03-02 09:31:31,2026-03-02 09:34:10,00:02:39,2.65,0.04
ElSauce2,2026-03-02,2026-03-02 09:36:59,2026-03-02 09:37:34,00:00:35,0.58,0.01
ElSauce2,2026-03-02,2026-03-02 09:40:46,2026-03-02 09:43:10,00:02:24,2.4,0.04
ElSauce2,2026-03-02,2026-03-02 09:46:45,2026-03-02 09:47:19,00:00:34,0.57,0.01
ElSauce2,2026-03-02,2026-03-02 09:50:44,2026-03-02 09:52:58,00:02:14,2.23,0.04
ElSauce2,2026-03-02,2026-03-02 09:56:12,2026-03-02 10:00:10,00:03:58,3.97,0.07
ElSauce2,2026-03-02,2026-03-02 10:05:27,2026-03-02 10:05:58,00:00:31,0.52,0.01
ElSauce2,2026-03-02,2026-03-02 10:09:26,2026-03-02 10:09:40,00:00:14,0.23,0.0
ElSauce2,2026-03-02,2026-03-02 10:15:05,2026-03-02 10:15:22,00:00:17,0.28,0.0
ElSauce2,2026-03-02,2026-03-02 10:18:37,2026-03-02 10:22:18,00:03:41,3.68,0.06
ElSauce2,2026-03-02,2026-03-02 10:25:20,2026-03-02 10:26:37,00:01:17,1.28,0.02
ElSauce2,2026-03-02,2026-03-02 10:29:50,2026-03-02 10:34:10,00:04:20,4.33,0.07
ElSauce2,2026-03-02,2026-03-02 10:36:58,2026-03-02 10:37:16,00:00:18,0.3,0.01
ElSauce2,2026-03-02,2026-03-02 10:42:52,2026-03-02 10:44:33,00:01:41,1.68,0.03
ElSauce2,2026-03-02,2026-03-02 10:47:26,2026-03-02 10:52:58,00:05:32,5.53,0.09
ElSauce2,2026-03-02,2026-03-02 10:55:58,2026-03-02 11:00:10,00:04:12,4.2,0.07
ElSauce2,2026-03-02,2026-03-02 11:05:39,2026-03-02 11:05:58,00:00:19,0.32,0.01
ElSauce2,2026-03-02,2026-03-02 11:09:14,2026-03-02 11:09:40,00:00:26,0.43,0.01
ElSauce2,2026-03-02,2026-03-02 11:15:09,2026-03-02 11:15:22,00:00:13,0.22,0.0
ElSauce2,2026-03-02,2026-03-02 11:18:20,2026-03-02 11:18:52,00:00:32,0.53,0.01
ElSauce2,2026-03-02,2026-03-02 11:23:58,2026-03-02 11:24:16,00:00:18,0.3,0.01
ElSauce2,2026-03-02,2026-03-02 11:27:53,2026-03-02 11:28:10,00:00:17,0.28,0.0
ElSauce2,2026-03-02,2026-03-02 11:33:44,2026-03-02 11:34:10,00:00:26,0.43,0.01
ElSauce2,2026-03-02,2026-03-02 11:36:56,2026-03-02 11:37:42,00:00:46,0.77,0.01
ElSauce2,2026-03-02,2026-03-02 11:41:04,2026-03-02 11:43:10,00:02:06,2.1,0.04
ElSauce2,2026-03-02,2026-03-02 11:46:50,2026-03-02 11:47:35,00:00:45,0.75,0.01
ElSauce2,2026-03-02,2026-03-02 11:50:22,2026-03-02 11:50:44,00:00:22,0.37,0.01
ElSauce2,2026-03-02,2026-03-02 11:55:54,2026-03-02 11:56:26,00:00:32,0.53,0.01
ElSauce2,2026-03-02,2026-03-02 11:59:39,2026-03-02 12:00:10,00:00:31,0.52,0.01
ElSauce2,2026-03-02,2026-03-02 12:05:41,2026-03-02 12:05:58,00:00:17,0.28,0.0
ElSauce2,2026-03-02,2026-03-02 12:09:23,2026-03-02 12:09:40,00:00:17,0.28,0.0
ElSauce2,2026-03-02,2026-03-02 12:15:10,2026-03-02 12:15:22,00:00:12,0.2,0.0
ElSauce2,2026-03-02,2026-03-02 12:18:35,2026-03-02 12:18:52,00:00:17,0.28,0.0
ElSauce2,2026-03-02,2026-03-02 12:23:55,2026-03-02 12:24:16,00:00:21,0.35,0.01
ElSauce2,2026-03-02,2026-03-02 12:27:38,2026-03-02 12:28:10,00:00:32,0.53,0.01
ElSauce2,2026-03-02,2026-03-02 12:33:44,2026-03-02 12:34:10,00:00:26,0.43,0.01
ElSauce2,2026-03-02,2026-03-02 12:36:56,2026-03-02 12:38:49,00:01:53,1.88,0.03
ElSauce2,2026-03-02,2026-03-02 12:41:38,2026-03-02 12:43:10,00:01:32,1.53,0.03
ElSauce2,2026-03-02,2026-03-02 12:46:33,2026-03-02 12:48:06,00:01:33,1.55,0.03
ElSauce2,2026-03-02,2026-03-02 12:50:40,2026-03-02 12:52:58,00:02:18,2.3,0.04
ElSauce2,2026-03-02,2026-03-02 12:56:15,2026-03-02 13:00:10,00:03:55,3.92,0.07
ElSauce2,2026-03-02,2026-03-02 13:05:37,2026-03-02 13:05:58,00:00:21,0.35,0.01
ElSauce2,2026-03-02,2026-03-02 13:09:28,2026-03-02 13:09:40,00:00:12,0.2,0.0
ElSauce2,2026-03-02,2026-03-02 13:14:43,2026-03-02 13:15:22,00:00:39,0.65,0.01
ElSauce2,2026-03-02,2026-03-02 13:18:21,2026-03-02 13:18:52,00:00:31,0.52,0.01
ElSauce2,2026-03-02,2026-03-02 13:23:55,2026-03-02 13:24:16,00:00:21,0.35,0.01
ElSauce2,2026-03-02,2026-03-02 13:27:42,2026-03-02 13:28:10,00:00:28,0.47,0.01
ElSauce2,2026-03-02,2026-03-02 13:33:40,2026-03-02 13:34:10,00:00:30,0.5,0.01
ElSauce2,2026-03-02,2026-03-02 13:36:54,2026-03-02 13:37:16,00:00:22,0.37,0.01
ElSauce2,2026-03-02,2026-03-02 13:42:44,2026-03-02 13:43:10,00:00:26,0.43,0.01
ElSauce2,2026-03-02,2026-03-02 13:46:37,2026-03-02 13:47:04,00:00:27,0.45,0.01
ElSauce2,2026-03-02,2026-03-02 13:52:43,2026-03-02 13:52:58,00:00:15,0.25,0.0
ElSauce2,2026-03-02,2026-03-02 13:55:55,2026-03-02 14:00:10,00:04:15,4.25,0.07
ElSauce2,2026-03-02,2026-03-02 14:05:45,2026-03-02 14:05:58,00:00:13,0.22,0.0
ElSauce2,2026-03-02,2026-03-02 14:09:24,2026-03-02 14:09:40,00:00:16,0.27,0.0
ElSauce2,2026-03-02,2026-03-02 14:14:43,2026-03-02 14:15:22,00:00:39,0.65,0.01
ElSauce2,2026-03-02,2026-03-02 14:18:39,2026-03-02 14:20:24,00:01:45,1.75,0.03
ElSauce2,2026-03-02,2026-03-02 14:23:35,2026-03-02 14:24:16,00:00:41,0.68,0.01
ElSauce2,2026-03-02,2026-03-02 14:27:29,2026-03-02 14:28:10,00:00:41,0.68,0.01
ElSauce2,2026-03-02,2026-03-02 14:33:51,2026-03-02 14:34:10,00:00:19,0.32,0.01
ElSauce2,2026-03-02,2026-03-02 14:37:02,2026-03-02 14:37:38,00:00:36,0.6,0.01
ElSauce2,2026-03-02,2026-03-02 14:40:52,2026-03-02 14:43:49,00:02:57,2.95,0.05
ElSauce2,2026-03-02,2026-03-02 14:47:01,2026-03-02 14:48:19,00:01:18,1.3,0.02
ElSauce2,2026-03-02,2026-03-02 14:51:03,2026-03-02 14:52:58,00:01:55,1.92,0.03
ElSauce2,2026-03-02,2026-03-02 14:55:59,2026-03-02 15:00:10,00:04:11,4.18,0.07
ElSauce2,2026-03-02,2026-03-02 15:05:28,2026-03-02 15:05:58,00:00:30,0.5,0.01
ElSauce2,2026-03-02,2026-03-02 15:09:19,2026-03-02 15:09:40,00:00:21,0.35,0.01
ElSauce2,2026-03-02,2026-03-02 15:14:44,2026-03-02 15:15:22,00:00:38,0.63,0.01
ElSauce2,2026-03-02,2026-03-02 15:18:34,2026-03-02 15:20:14,00:01:40,1.67,0.03
ElSauce2,2026-03-02,2026-03-02 15:23:32,2026-03-02 15:24:16,00:00:44,0.73,0.01
ElSauce2,2026-03-02,2026-03-02 15:27:53,2026-03-02 15:28:10,00:00:17,0.28,0.0
ElSauce2,2026-03-02,2026-03-02 15:33:45,2026-03-02 15:34:10,00:00:25,0.42,0.01
ElSauce2,2026-03-03,2026-03-03 05:14:56,2026-03-03 05:15:19,00:00:23,0.38,0.01
ElSauce2,2026-03-03,2026-03-03 05:18:32,2026-03-03 05:19:01,00:00:29,0.48,0.01
ElSauce2,2026-03-03,2026-03-03 05:24:29,2026-03-03 05:24:43,00:00:14,0.23,0.0
ElSauce2,2026-03-03,2026-03-03 05:27:59,2026-03-03 05:28:13,00:00:14,0.23,0.0
ElSauce2,2026-03-03,2026-03-03 05:33:16,2026-03-03 05:36:46,00:03:30,3.5,0.06
ElSauce2,2026-03-03,2026-03-03 05:40:13,2026-03-03 05:43:31,00:03:18,3.3,0.06
ElSauce2,2026-03-03,2026-03-03 05:46:21,2026-03-03 05:46:37,00:00:16,0.27,0.0
ElSauce2,2026-03-03,2026-03-03 05:52:11,2026-03-03 05:52:31,00:00:20,0.33,0.01
ElSauce2,2026-03-03,2026-03-03 05:55:44,2026-03-03 06:00:10,00:04:26,4.43,0.07
ElSauce2,2026-03-03,2026-03-03 06:05:39,2026-03-03 06:05:58,00:00:19,0.32,0.01
ElSauce2,2026-03-03,2026-03-03 06:09:11,2026-03-03 06:09:40,00:00:29,0.48,0.01
ElSauce2,2026-03-03,2026-03-03 06:14:43,2026-03-03 06:15:22,00:00:39,0.65,0.01
ElSauce2,2026-03-03,2026-03-03 06:18:25,2026-03-03 06:18:52,00:00:27,0.45,0.01
ElSauce2,2026-03-03,2026-03-03 06:23:55,2026-03-03 06:24:16,00:00:21,0.35,0.01
ElSauce2,2026-03-03,2026-03-03 06:27:40,2026-03-03 06:28:10,00:00:30,0.5,0.01
ElSauce2,2026-03-03,2026-03-03 06:33:39,2026-03-03 06:34:10,00:00:31,0.52,0.01
ElSauce2,2026-03-03,2026-03-03 06:37:00,2026-03-03 06:37:44,00:00:44,0.73,0.01
ElSauce2,2026-03-03,2026-03-03 06:43:04,2026-03-03 06:43:32,00:00:28,0.47,0.01
ElSauce2,2026-03-03,2026-03-03 06:46:59,2026-03-03 06:47:59,00:01:00,1.0,0.02
ElSauce2,2026-03-03,2026-03-03 06:51:13,2026-03-03 06:52:58,00:01:45,1.75,0.03
ElSauce2,2026-03-03,2026-03-03 06:56:11,2026-03-03 07:00:10,00:03:59,3.98,0.07
ElSauce2,2026-03-03,2026-03-03 07:05:36,2026-03-03 07:05:58,00:00:22,0.37,0.01
ElSauce2,2026-03-03,2026-03-03 07:09:11,2026-03-03 07:09:40,00:00:29,0.48,0.01
ElSauce2,2026-03-03,2026-03-03 07:15:06,2026-03-03 07:15:22,00:00:16,0.27,0.0
ElSauce2,2026-03-03,2026-03-03 07:18:25,2026-03-03 07:18:52,00:00:27,0.45,0.01
ElSauce2,2026-03-03,2026-03-03 07:23:56,2026-03-03 07:24:17,00:00:21,0.35,0.01
ElSauce2,2026-03-03,2026-03-03 07:27:38,2026-03-03 07:27:59,00:00:21,0.35,0.01
ElSauce2,2026-03-03,2026-03-03 07:33:20,2026-03-03 07:34:10,00:00:50,0.83,0.01
ElSauce2,2026-03-03,2026-03-03 07:37:00,2026-03-03 07:37:16,00:00:16,0.27,0.0
ElSauce2,2026-03-03,2026-03-03 07:42:58,2026-03-03 07:43:10,00:00:12,0.2,0.0
ElSauce2,2026-03-03,2026-03-03 07:46:23,2026-03-03 07:48:05,00:01:42,1.7,0.03
ElSauce2,2026-03-03,2026-03-03 07:51:20,2026-03-03 07:52:29,00:01:09,1.15,0.02
ElSauce2,2026-03-03,2026-03-03 07:55:07,2026-03-03 08:00:10,00:05:03,5.05,0.08
ElSauce2,2026-03-03,2026-03-03 08:05:32,2026-03-03 08:05:58,00:00:26,0.43,0.01
ElSauce2,2026-03-03,2026-03-03 08:09:11,2026-03-03 08:09:40,00:00:29,0.48,0.01
ElSauce2,2026-03-03,2026-03-03 08:15:07,2026-03-03 08:15:22,00:00:15,0.25,0.0
ElSauce2,2026-03-03,2026-03-03 08:18:38,2026-03-03 08:18:52,00:00:14,0.23,0.0
ElSauce2,2026-03-03,2026-03-03 08:23:56,2026-03-03 08:24:16,00:00:20,0.33,0.01
ElSauce2,2026-03-03,2026-03-03 08:27:51,2026-03-03 08:29:49,00:01:58,1.97,0.03
ElSauce2,2026-03-03,2026-03-03 08:33:08,2026-03-03 08:34:10,00:01:02,1.03,0.02
ElSauce2,2026-03-03,2026-03-03 08:37:00,2026-03-03 08:39:13,00:02:13,2.22,0.04
ElSauce2,2026-03-03,2026-03-03 08:42:29,2026-03-03 08:43:06,00:00:37,0.62,0.01
ElSauce2,2026-03-03,2026-03-03 08:45:46,2026-03-03 08:47:04,00:01:18,1.3,0.02
ElSauce2,2026-03-03,2026-03-03 08:52:38,2026-03-03 08:52:58,00:00:20,0.33,0.01
ElSauce2,2026-03-03,2026-03-03 08:56:11,2026-03-03 09:00:10,00:03:59,3.98,0.07
ElSauce2,2026-03-03,2026-03-03 09:05:39,2026-03-03 09:05:58,00:00:19,0.32,0.01
ElSauce2,2026-03-03,2026-03-03 09:09:11,2026-03-03 09:09:40,00:00:29,0.48,0.01
ElSauce2,2026-03-03,2026-03-03 09:15:01,2026-03-03 09:15:22,00:00:21,0.35,0.01
ElSauce2,2026-03-03,2026-03-03 09:18:38,2026-03-03 09:18:52,00:00:14,0.23,0.0
ElSauce2,2026-03-03,2026-03-03 09:23:53,2026-03-03 09:24:16,00:00:23,0.38,0.01
ElSauce2,2026-03-03,2026-03-03 09:27:50,2026-03-03 09:28:23,00:00:33,0.55,0.01
ElSauce2,2026-03-03,2026-03-03 09:31:45,2026-03-03 09:34:10,00:02:25,2.42,0.04
ElSauce2,2026-03-03,2026-03-03 09:36:59,2026-03-03 09:37:47,00:00:48,0.8,0.01
ElSauce2,2026-03-03,2026-03-03 09:41:00,2026-03-03 09:43:07,00:02:07,2.12,0.04
ElSauce2,2026-03-03,2026-03-03 09:46:32,2026-03-03 09:46:49,00:00:17,0.28,0.0
ElSauce2,2026-03-03,2026-03-03 09:52:02,2026-03-03 09:52:58,00:00:56,0.93,0.02
ElSauce2,2026-03-03,2026-03-03 09:56:12,2026-03-03 10:00:10,00:03:58,3.97,0.07
ElSauce2,2026-03-03,2026-03-03 10:05:27,2026-03-03 10:05:58,00:00:31,0.52,0.01
ElSauce2,2026-03-03,2026-03-03 10:09:12,2026-03-03 10:09:40,00:00:28,0.47,0.01
ElSauce2,2026-03-03,2026-03-03 10:15:03,2026-03-03 10:15:22,00:00:19,0.32,0.01
ElSauce2,2026-03-03,2026-03-03 10:18:37,2026-03-03 10:18:52,00:00:15,0.25,0.0
ElSauce2,2026-03-03,2026-03-03 10:23:53,2026-03-03 10:24:54,00:01:01,1.02,0.02
ElSauce2,2026-03-03,2026-03-03 10:28:21,2026-03-03 10:34:10,00:05:49,5.82,0.1
ElSauce2,2026-03-03,2026-03-03 10:36:59,2026-03-03 10:40:30,00:03:31,3.52,0.06
ElSauce2,2026-03-03,2026-03-03 10:43:23,2026-03-03 10:47:04,00:03:41,3.68,0.06
ElSauce2,2026-03-03,2026-03-03 10:52:43,2026-03-03 10:53:06,00:00:23,0.38,0.01
ElSauce2,2026-03-03,2026-03-03 10:55:49,2026-03-03 11:00:10,00:04:21,4.35,0.07
ElSauce2,2026-03-03,2026-03-03 11:05:28,2026-03-03 11:05:58,00:00:30,0.5,0.01
ElSauce2,2026-03-03,2026-03-03 11:09:25,2026-03-03 11:09:40,00:00:15,0.25,0.0
ElSauce2,2026-03-03,2026-03-03 11:14:45,2026-03-03 11:15:22,00:00:37,0.62,0.01
ElSauce2,2026-03-03,2026-03-03 11:18:19,2026-03-03 11:18:52,00:00:33,0.55,0.01
ElSauce2,2026-03-03,2026-03-03 11:23:56,2026-03-03 11:24:16,00:00:20,0.33,0.01
ElSauce2,2026-03-03,2026-03-03 11:27:49,2026-03-03 11:28:10,00:00:21,0.35,0.01
ElSauce2,2026-03-03,2026-03-03 11:33:57,2026-03-03 11:34:10,00:00:13,0.22,0.0
ElSauce2,2026-03-03,2026-03-03 11:36:56,2026-03-03 11:42:58,00:06:02,6.03,0.1
ElSauce2,2026-03-03,2026-03-03 11:46:06,2026-03-03 11:47:05,00:00:59,0.98,0.02
ElSauce2,2026-03-03,2026-03-03 11:49:52,2026-03-03 11:52:58,00:03:06,3.1,0.05
ElSauce2,2026-03-03,2026-03-03 11:56:16,2026-03-03 12:00:10,00:03:54,3.9,0.07
ElSauce2,2026-03-03,2026-03-03 12:05:42,2026-03-03 12:05:58,00:00:16,0.27,0.0
ElSauce2,2026-03-03,2026-03-03 12:09:25,2026-03-03 12:09:40,00:00:15,0.25,0.0
ElSauce2,2026-03-03,2026-03-03 12:15:09,2026-03-03 12:15:22,00:00:13,0.22,0.0
ElSauce2,2026-03-03,2026-03-03 12:18:34,2026-03-03 12:18:52,00:00:18,0.3,0.01
ElSauce2,2026-03-03,2026-03-03 12:24:02,2026-03-03 12:24:16,00:00:14,0.23,0.0
ElSauce2,2026-03-03,2026-03-03 12:27:54,2026-03-03 12:28:10,00:00:16,0.27,0.0
ElSauce2,2026-03-03,2026-03-03 12:33:49,2026-03-03 12:34:10,00:00:21,0.35,0.01
ElSauce2,2026-03-03,2026-03-03 12:36:55,2026-03-03 12:37:16,00:00:21,0.35,0.01
ElSauce2,2026-03-03,2026-03-03 12:42:47,2026-03-03 12:44:32,00:01:45,1.75,0.03
ElSauce2,2026-03-03,2026-03-03 12:47:19,2026-03-03 12:52:58,00:05:39,5.65,0.09
ElSauce2,2026-03-03,2026-03-03 12:56:13,2026-03-03 13:00:10,00:03:57,3.95,0.07
ElSauce2,2026-03-03,2026-03-03 13:05:43,2026-03-03 13:05:58,00:00:15,0.25,0.0
ElSauce2,2026-03-03,2026-03-03 13:09:15,2026-03-03 13:09:40,00:00:25,0.42,0.01
ElSauce2,2026-03-03,2026-03-03 13:14:55,2026-03-03 13:15:22,00:00:27,0.45,0.01
ElSauce2,2026-03-03,2026-03-03 13:18:20,2026-03-03 13:18:52,00:00:32,0.53,0.01
ElSauce2,2026-03-03,2026-03-03 13:23:57,2026-03-03 13:24:16,00:00:19,0.32,0.01
ElSauce2,2026-03-03,2026-03-03 13:27:54,2026-03-03 13:28:10,00:00:16,0.27,0.0
ElSauce2,2026-03-03,2026-03-03 13:33:33,2026-03-03 13:34:10,00:00:37,0.62,0.01
ElSauce2,2026-03-03,2026-03-03 13:36:54,2026-03-03 13:37:16,00:00:22,0.37,0.01
ElSauce2,2026-03-03,2026-03-03 13:42:50,2026-03-03 13:43:10,00:00:20,0.33,0.01
ElSauce2,2026-03-03,2026-03-03 13:46:47,2026-03-03 13:47:04,00:00:17,0.28,0.0
ElSauce2,2026-03-03,2026-03-03 13:52:38,2026-03-03 13:52:58,00:00:20,0.33,0.01
ElSauce2,2026-03-03,2026-03-03 13:56:13,2026-03-03 14:00:10,00:03:57,3.95,0.07
ElSauce2,2026-03-03,2026-03-03 14:05:29,2026-03-03 14:05:58,00:00:29,0.48,0.01
ElSauce2,2026-03-03,2026-03-03 14:09:25,2026-03-03 14:09:40,00:00:15,0.25,0.0
ElSauce2,2026-03-03,2026-03-03 14:15:05,2026-03-03 14:15:22,00:00:17,0.28,0.0
ElSauce2,2026-03-03,2026-03-03 14:18:39,2026-03-03 14:18:52,00:00:13,0.22,0.0
ElSauce2,2026-03-03,2026-03-03 14:23:55,2026-03-03 14:24:16,00:00:21,0.35,0.01
ElSauce2,2026-03-03,2026-03-03 14:27:55,2026-03-03 14:28:10,00:00:15,0.25,0.0
ElSauce2,2026-03-03,2026-03-03 14:33:43,2026-03-03 14:34:10,00:00:27,0.45,0.01
ElSauce2,2026-03-03,2026-03-03 14:37:02,2026-03-03 14:37:16,00:00:14,0.23,0.0
ElSauce2,2026-03-03,2026-03-03 14:42:53,2026-03-03 14:43:10,00:00:17,0.28,0.0
ElSauce2,2026-03-03,2026-03-03 14:46:23,2026-03-03 14:47:57,00:01:34,1.57,0.03
ElSauce2,2026-03-03,2026-03-03 14:51:19,2026-03-03 14:52:58,00:01:39,1.65,0.03
ElSauce2,2026-03-03,2026-03-03 14:56:11,2026-03-03 15:00:10,00:03:59,3.98,0.07
ElSauce2,2026-03-03,2026-03-03 15:05:31,2026-03-03 15:05:58,00:00:27,0.45,0.01
ElSauce2,2026-03-03,2026-03-03 15:09:11,2026-03-03 15:09:40,00:00:29,0.48,0.01
ElSauce2,2026-03-03,2026-03-03 15:15:04,2026-03-03 15:15:22,00:00:18,0.3,0.01
ElSauce2,2026-03-03,2026-03-03 15:18:19,2026-03-03 15:18:52,00:00:33,0.55,0.01
ElSauce2,2026-03-03,2026-03-03 15:23:36,2026-03-03 15:24:16,00:00:40,0.67,0.01
ElSauce2,2026-03-03,2026-03-03 15:27:29,2026-03-03 15:30:17,00:02:48,2.8,0.05
ElSauce2,2026-03-03,2026-03-03 15:33:31,2026-03-03 15:34:10,00:00:39,0.65,0.01
ElSauce2,2026-03-04,2026-03-04 05:13:45,2026-03-04 05:14:09,00:00:24,0.4,0.01
ElSauce2,2026-03-04,2026-03-04 05:17:22,2026-03-04 05:17:51,00:00:29,0.48,0.01
ElSauce2,2026-03-04,2026-03-04 05:23:18,2026-03-04 05:23:33,00:00:15,0.25,0.0
ElSauce2,2026-03-04,2026-03-04 05:26:49,2026-03-04 05:27:03,00:00:14,0.23,0.0
ElSauce2,2026-03-04,2026-03-04 05:32:06,2026-03-04 05:32:44,00:00:38,0.63,0.01
ElSauce2,2026-03-04,2026-03-04 05:36:11,2026-03-04 05:36:26,00:00:15,0.25,0.0
ElSauce2,2026-03-04,2026-03-04 05:41:43,2026-03-04 05:42:21,00:00:38,0.63,0.01
ElSauce2,2026-03-04,2026-03-04 05:45:11,2026-03-04 05:47:13,00:02:02,2.03,0.03
ElSauce2,2026-03-04,2026-03-04 05:50:12,2026-03-04 05:51:21,00:01:09,1.15,0.02
ElSauce2,2026-03-04,2026-03-04 05:54:34,2026-03-04 05:56:07,00:01:33,1.55,0.03
ElSauce2,2026-03-04,2026-03-04 05:58:42,2026-03-04 06:00:10,00:01:28,1.47,0.02
ElSauce2,2026-03-04,2026-03-04 06:05:37,2026-03-04 06:05:58,00:00:21,0.35,0.01
ElSauce2,2026-03-04,2026-03-04 06:09:11,2026-03-04 06:09:40,00:00:29,0.48,0.01
ElSauce2,2026-03-04,2026-03-04 06:14:43,2026-03-04 06:15:22,00:00:39,0.65,0.01
ElSauce2,2026-03-04,2026-03-04 06:18:25,2026-03-04 06:18:52,00:00:27,0.45,0.01
ElSauce2,2026-03-04,2026-03-04 06:23:55,2026-03-04 06:24:16,00:00:21,0.35,0.01
ElSauce2,2026-03-04,2026-03-04 06:27:40,2026-03-04 06:28:10,00:00:30,0.5,0.01
ElSauce2,2026-03-04,2026-03-04 06:33:38,2026-03-04 06:34:10,00:00:32,0.53,0.01
ElSauce2,2026-03-04,2026-03-04 06:37:00,2026-03-04 06:39:32,00:02:32,2.53,0.04
ElSauce2,2026-03-04,2026-03-04 06:42:59,2026-03-04 06:45:13,00:02:14,2.23,0.04
ElSauce2,2026-03-04,2026-03-04 06:48:41,2026-03-04 06:48:56,00:00:15,0.25,0.0
ElSauce2,2026-03-04,2026-03-04 06:52:09,2026-03-04 06:52:58,00:00:49,0.82,0.01
ElSauce2,2026-03-04,2026-03-04 06:56:11,2026-03-04 07:00:10,00:03:59,3.98,0.07
ElSauce2,2026-03-04,2026-03-04 07:05:33,2026-03-04 07:05:58,00:00:25,0.42,0.01
ElSauce2,2026-03-04,2026-03-04 07:09:11,2026-03-04 07:09:40,00:00:29,0.48,0.01
ElSauce2,2026-03-04,2026-03-04 07:15:02,2026-03-04 07:15:22,00:00:20,0.33,0.01
ElSauce2,2026-03-04,2026-03-04 07:18:25,2026-03-04 07:22:04,00:03:39,3.65,0.06
ElSauce2,2026-03-04,2026-03-04 07:25:13,2026-03-04 07:29:13,00:04:00,4.0,0.07
ElSauce2,2026-03-04,2026-03-04 07:32:28,2026-03-04 07:34:10,00:01:42,1.7,0.03
ElSauce2,2026-03-04,2026-03-04 07:37:00,2026-03-04 07:37:16,00:00:16,0.27,0.0
ElSauce2,2026-03-04,2026-03-04 07:42:52,2026-03-04 07:43:10,00:00:18,0.3,0.01
ElSauce2,2026-03-04,2026-03-04 07:46:23,2026-03-04 07:50:16,00:03:53,3.88,0.06
ElSauce2,2026-03-04,2026-03-04 07:53:08,2026-03-04 08:00:10,00:07:02,7.03,0.12
ElSauce2,2026-03-04,2026-03-04 08:05:35,2026-03-04 08:05:58,00:00:23,0.38,0.01
ElSauce2,2026-03-04,2026-03-04 08:09:11,2026-03-04 08:09:40,00:00:29,0.48,0.01
ElSauce2,2026-03-04,2026-03-04 08:15:06,2026-03-04 08:15:22,00:00:16,0.27,0.0
ElSauce2,2026-03-04,2026-03-04 08:18:38,2026-03-04 08:18:52,00:00:14,0.23,0.0
ElSauce2,2026-03-04,2026-03-04 08:23:55,2026-03-04 08:24:16,00:00:21,0.35,0.01
ElSauce2,2026-03-04,2026-03-04 08:27:51,2026-03-04 08:28:10,00:00:19,0.32,0.01
ElSauce2,2026-03-04,2026-03-04 08:33:56,2026-03-04 08:34:10,00:00:14,0.23,0.0
ElSauce2,2026-03-04,2026-03-04 08:37:00,2026-03-04 08:38:04,00:01:04,1.07,0.02
ElSauce2,2026-03-04,2026-03-04 08:40:49,2026-03-04 08:43:23,00:02:34,2.57,0.04
ElSauce2,2026-03-04,2026-03-04 08:46:10,2026-03-04 08:49:33,00:03:23,3.38,0.06
ElSauce2,2026-03-04,2026-03-04 08:52:09,2026-03-04 08:52:58,00:00:49,0.82,0.01
ElSauce2,2026-03-04,2026-03-04 08:56:11,2026-03-04 09:00:10,00:03:59,3.98,0.07
ElSauce2,2026-03-04,2026-03-04 09:05:36,2026-03-04 09:05:58,00:00:22,0.37,0.01
ElSauce2,2026-03-04,2026-03-04 09:09:11,2026-03-04 09:09:40,00:00:29,0.48,0.01
ElSauce2,2026-03-04,2026-03-04 09:15:05,2026-03-04 09:15:22,00:00:17,0.28,0.0
ElSauce2,2026-03-04,2026-03-04 09:18:38,2026-03-04 09:22:05,00:03:27,3.45,0.06
ElSauce2,2026-03-04,2026-03-04 09:25:14,2026-03-04 09:26:03,00:00:49,0.82,0.01
ElSauce2,2026-03-04,2026-03-04 09:29:14,2026-03-04 09:34:10,00:04:56,4.93,0.08
ElSauce2,2026-03-04,2026-03-04 09:36:59,2026-03-04 09:38:55,00:01:56,1.93,0.03
ElSauce2,2026-03-04,2026-03-04 09:42:20,2026-03-04 09:43:10,00:00:50,0.83,0.01
ElSauce2,2026-03-04,2026-03-04 09:46:38,2026-03-04 09:48:19,00:01:41,1.68,0.03
ElSauce2,2026-03-04,2026-03-04 09:51:30,2026-03-04 09:52:58,00:01:28,1.47,0.02
ElSauce2,2026-03-04,2026-03-04 09:56:12,2026-03-04 09:56:45,00:00:33,0.55,0.01
ElSauce2,2026-03-04,2026-03-04 09:59:30,2026-03-04 10:00:10,00:00:40,0.67,0.01
ElSauce2,2026-03-04,2026-03-04 10:05:27,2026-03-04 10:05:58,00:00:31,0.52,0.01
ElSauce2,2026-03-04,2026-03-04 10:09:16,2026-03-04 10:09:40,00:00:24,0.4,0.01
ElSauce2,2026-03-04,2026-03-04 10:15:01,2026-03-04 10:15:22,00:00:21,0.35,0.01
ElSauce2,2026-03-04,2026-03-04 10:18:37,2026-03-04 10:22:11,00:03:34,3.57,0.06
ElSauce2,2026-03-04,2026-03-04 10:25:18,2026-03-04 10:26:34,00:01:16,1.27,0.02
ElSauce2,2026-03-04,2026-03-04 10:30:03,2026-03-04 10:34:10,00:04:07,4.12,0.07
ElSauce2,2026-03-04,2026-03-04 10:36:59,2026-03-04 10:40:59,00:04:00,4.0,0.07
ElSauce2,2026-03-04,2026-03-04 10:43:33,2026-03-04 10:47:04,00:03:31,3.52,0.06
ElSauce2,2026-03-04,2026-03-04 10:52:32,2026-03-04 10:52:58,00:00:26,0.43,0.01
ElSauce2,2026-03-04,2026-03-04 10:56:12,2026-03-04 11:00:10,00:03:58,3.97,0.07
ElSauce2,2026-03-04,2026-03-04 11:05:36,2026-03-04 11:05:58,00:00:22,0.37,0.01
ElSauce2,2026-03-04,2026-03-04 11:09:23,2026-03-04 11:09:40,00:00:17,0.28,0.0
ElSauce2,2026-03-04,2026-03-04 11:15:08,2026-03-04 11:15:22,00:00:14,0.23,0.0
ElSauce2,2026-03-04,2026-03-04 11:18:36,2026-03-04 11:18:52,00:00:16,0.27,0.0
ElSauce2,2026-03-04,2026-03-04 11:23:56,2026-03-04 11:24:16,00:00:20,0.33,0.01
ElSauce2,2026-03-04,2026-03-04 11:27:51,2026-03-04 11:29:26,00:01:35,1.58,0.03
ElSauce2,2026-03-04,2026-03-04 11:32:48,2026-03-04 11:34:10,00:01:22,1.37,0.02
ElSauce2,2026-03-04,2026-03-04 11:36:58,2026-03-04 11:38:50,00:01:52,1.87,0.03
ElSauce2,2026-03-04,2026-03-04 11:41:58,2026-03-04 11:42:54,00:00:56,0.93,0.02
ElSauce2,2026-03-04,2026-03-04 11:46:10,2026-03-04 11:46:56,00:00:46,0.77,0.01
ElSauce2,2026-03-04,2026-03-04 11:50:09,2026-03-04 11:52:58,00:02:49,2.82,0.05
ElSauce2,2026-03-04,2026-03-04 11:56:12,2026-03-04 12:00:10,00:03:58,3.97,0.07
ElSauce2,2026-03-04,2026-03-04 12:05:28,2026-03-04 12:05:58,00:00:30,0.5,0.01
ElSauce2,2026-03-04,2026-03-04 12:09:12,2026-03-04 12:09:40,00:00:28,0.47,0.01
ElSauce2,2026-03-04,2026-03-04 12:15:02,2026-03-04 12:15:22,00:00:20,0.33,0.01
ElSauce2,2026-03-04,2026-03-04 12:18:33,2026-03-04 12:18:52,00:00:19,0.32,0.01
ElSauce2,2026-03-04,2026-03-04 12:23:36,2026-03-04 12:24:16,00:00:40,0.67,0.01
ElSauce2,2026-03-04,2026-03-04 12:27:47,2026-03-04 12:28:10,00:00:23,0.38,0.01
ElSauce2,2026-03-04,2026-03-04 12:33:50,2026-03-04 12:34:10,00:00:20,0.33,0.01
ElSauce2,2026-03-04,2026-03-04 12:36:54,2026-03-04 12:39:52,00:02:58,2.97,0.05
ElSauce2,2026-03-04,2026-03-04 12:42:26,2026-03-04 12:43:10,00:00:44,0.73,0.01
ElSauce2,2026-03-04,2026-03-04 12:46:34,2026-03-04 12:47:04,00:00:30,0.5,0.01
ElSauce2,2026-03-04,2026-03-04 12:52:39,2026-03-04 12:52:58,00:00:19,0.32,0.01
ElSauce2,2026-03-04,2026-03-04 12:56:11,2026-03-04 13:00:10,00:03:59,3.98,0.07
ElSauce2,2026-03-04,2026-03-04 13:05:40,2026-03-04 13:05:58,00:00:18,0.3,0.01
ElSauce2,2026-03-04,2026-03-04 13:09:23,2026-03-04 13:09:40,00:00:17,0.28,0.0
ElSauce2,2026-03-04,2026-03-04 13:14:52,2026-03-04 13:15:22,00:00:30,0.5,0.01
ElSauce2,2026-03-04,2026-03-04 13:18:20,2026-03-04 13:18:52,00:00:32,0.53,0.01
ElSauce2,2026-03-04,2026-03-04 13:23:54,2026-03-04 13:24:16,00:00:22,0.37,0.01
ElSauce2,2026-03-04,2026-03-04 13:27:42,2026-03-04 13:28:10,00:00:28,0.47,0.01
ElSauce2,2026-03-04,2026-03-04 13:33:44,2026-03-04 13:34:10,00:00:26,0.43,0.01
ElSauce2,2026-03-04,2026-03-04 13:36:53,2026-03-04 13:37:16,00:00:23,0.38,0.01
ElSauce2,2026-03-04,2026-03-04 13:42:50,2026-03-04 13:43:10,00:00:20,0.33,0.01
ElSauce2,2026-03-04,2026-03-04 13:46:36,2026-03-04 13:47:50,00:01:14,1.23,0.02
ElSauce2,2026-03-04,2026-03-04 13:51:12,2026-03-04 13:52:58,00:01:46,1.77,0.03
ElSauce2,2026-03-04,2026-03-04 13:56:13,2026-03-04 14:00:10,00:03:57,3.95,0.07
ElSauce2,2026-03-04,2026-03-04 14:05:38,2026-03-04 14:05:58,00:00:20,0.33,0.01
ElSauce2,2026-03-04,2026-03-04 14:09:24,2026-03-04 14:09:40,00:00:16,0.27,0.0
ElSauce2,2026-03-04,2026-03-04 14:14:43,2026-03-04 14:15:22,00:00:39,0.65,0.01
ElSauce2,2026-03-04,2026-03-04 14:18:39,2026-03-04 14:18:52,00:00:13,0.22,0.0
ElSauce2,2026-03-04,2026-03-04 14:23:55,2026-03-04 14:24:16,00:00:21,0.35,0.01
ElSauce2,2026-03-04,2026-03-04 14:27:42,2026-03-04 14:28:10,00:00:28,0.47,0.01
ElSauce2,2026-03-04,2026-03-04 14:33:57,2026-03-04 14:34:10,00:00:13,0.22,0.0
ElSauce2,2026-03-04,2026-03-04 14:37:02,2026-03-04 14:38:25,00:01:23,1.38,0.02
ElSauce2,2026-03-04,2026-03-04 14:41:15,2026-03-04 14:46:11,00:04:56,4.93,0.08
ElSauce2,2026-03-04,2026-03-04 14:49:02,2026-03-04 14:52:58,00:03:56,3.93,0.07
ElSauce2,2026-03-04,2026-03-04 14:56:13,2026-03-04 15:00:10,00:03:57,3.95,0.07
ElSauce2,2026-03-04,2026-03-04 15:05:27,2026-03-04 15:05:58,00:00:31,0.52,0.01
ElSauce2,2026-03-04,2026-03-04 15:09:24,2026-03-04 15:09:40,00:00:16,0.27,0.0
ElSauce2,2026-03-04,2026-03-04 15:14:43,2026-03-04 15:15:22,00:00:39,0.65,0.01
ElSauce2,2026-03-04,2026-03-04 15:18:20,2026-03-04 15:18:52,00:00:32,0.53,0.01
ElSauce2,2026-03-04,2026-03-04 15:23:57,2026-03-04 15:24:16,00:00:19,0.32,0.01
ElSauce2,2026-03-04,2026-03-04 15:27:42,2026-03-04 15:28:10,00:00:28,0.47,0.01
ElSauce2,2026-03-04,2026-03-04 15:33:49,2026-03-04 15:34:10,00:00:21,0.35,0.01
ElSauce2,2026-03-04,2026-03-04 15:37:01,2026-03-04 15:37:56,00:00:55,0.92,0.02
